course_code,title,department,course_number,description,credits,prerequisites_raw,catalog_year,calendar_system,source_url,scraped_at,has_description,has_title,recommendable
CS150,Computer Science Principles,CS,150,"An introduction to computer science principles: the big ideas and computational thinking practices central to computer science, and the societal impact of computing and information technology. Exposure to algorithms, big data, machine learning, privacy, security and digital citizenship while introducing and reinforcing the importance of programming.",3.0,,2026-2027,quarter,https://catalog.drexel.edu/coursedescriptions/quarter/undergrad/cs/,2026-09-19T10:53:05.131066+00:00,True,True,True
CS164,Introduction to Computer Science,CS,164,"An introduction to the field of computer science. Exposure to core areas (selected from algorithms, artificial intelligence, computer architecture, databases, graphics, human-computer interaction, programming languages, scientific computation, software engineering) while introducing and reinforcing the importance of programming.",3.0,,2026-2027,quarter,https://catalog.drexel.edu/coursedescriptions/quarter/undergrad/cs/,2026-09-19T10:53:05.131108+00:00,True,True,True
CS171,Computer Programming I,CS,171,"Introduces fundamental concepts of computing including memory, instructions, function calls, and activation records. Covers fundamentals of structured computer programming in the language of instruction: variables, input and output, expressions, assignment statements, conditionals and branching, subprograms, parameter passing, repetition, arrays, top-down design, testing, and debugging.",3.0,,2026-2027,quarter,https://catalog.drexel.edu/coursedescriptions/quarter/undergrad/cs/,2026-09-19T10:53:05.131135+00:00,True,True,True
CS172,Computer Programming II,CS,172,"Covers object-oriented design, inheritance hierarchies, information hiding principles, string processing, recursion, good programming style, documentation, debugging, and testing.",3.0,CS 171 [Min Grade: C] or CS 175 [Min Grade: C],2026-2027,quarter,https://catalog.drexel.edu/coursedescriptions/quarter/undergrad/cs/,2026-09-19T10:53:05.131164+00:00,True,True,True
CS175,Advanced Computer Programming I,CS,175,"Advanced programming in language of instruction at an accelerated pace: introduces fundamental concepts of computing including memory, instructions, function calls, and activation records. Covers fundamentals of structured computer programming in the language of instruction: conditionals and branching, subprograms, parameter passing, repetition, arrays, top-down design, testing, and debugging. Supplements basic topics with deeper presentation of advanced techniques for those with some incoming programming experience.",3.0,,2026-2027,quarter,https://catalog.drexel.edu/coursedescriptions/quarter/undergrad/cs/,2026-09-19T10:53:05.131186+00:00,True,True,True
CS180,Introduction to Artificial Intelligence & Machine Learning,CS,180,"This introductory course provides a broad exploration of artificial intelligence (AI) and machine learning (ML), focusing on fundamental concepts, real-world applications, and emerging trends. Students will learn about the history of AI, problem-solving strategies, search algorithms, adversarial agents, classification and clustering techniques, neural networks and deep learning, reinforcement learning, generative AI, large language models, and AI in games. Ethical considerations, societal impacts, and the future of AI will also be discussed. No prior programming experience is required.",3.0,,2026-2027,quarter,https://catalog.drexel.edu/coursedescriptions/quarter/undergrad/cs/,2026-09-19T10:53:05.131209+00:00,True,True,True
CS190,Selected Computer Language,CS,190,"Focuses on programming in a selected language of interest. Course content, language, and prerequisites may vary according to instructor, with emphasis on applications for which the language is designed. May be repeated for credit.",3.0,,2026-2027,quarter,https://catalog.drexel.edu/coursedescriptions/quarter/undergrad/cs/,2026-09-19T10:53:05.131233+00:00,True,True,True
CS260,Data Structures,CS,260,"Data structures form the basis for the programmer's toolbox. Students will become familiar with the basic data structures and learn to modify or create on their own. Additionally, they will learn several algorithms that use these data structures in solving common problems such as searching and sorting, that involve sequentially, pairwise, or hierarchically related data. Further, students will learn data abstraction, how to separate interface from implementation, and viewing a problem simply in terms of functional requirements and dependencies. Throughout the course, students will develop abstract thinking and problem-solving skills.",4.0,CS 265 [Min Grade: C],2026-2027,quarter,https://catalog.drexel.edu/coursedescriptions/quarter/undergrad/cs/,2026-09-19T10:53:05.131259+00:00,True,True,True
CS265,Advanced Programming Tools and Techniques,CS,265,"Introduction to the basic principles of programming practice: testing, debugging, portability, performance, design alternatives, and style. Application in a variety of programming languages, programming environments, and operating systems. Introduction to tools used in the software development process for improving program functionality, performance, and robustness.",3.0,CS 172 [Min Grade: C] or ECE 105 [Min Grade: D] or ECEC 201 [Min Grade: D],2026-2027,quarter,https://catalog.drexel.edu/coursedescriptions/quarter/undergrad/cs/,2026-09-19T10:53:05.131284+00:00,True,True,True
CS270,Mathematical Foundations of Computer Science,CS,270,"Introduces formal logic and its connections to Computer Science. Students learn to translate statements about the behavior of computer programs into logical claims and to prove such assertions using both traditional techniques and automated tools. Considers approaches to proving termination, correctness, and safety for programs. Discusses propositional and predicate logic, logical inference, recursion and recursively defined sets, mathematical induction, and structural induction.",3.0,CS 172 [Min Grade: C] or CS 265 [Min Grade: C] or ECE 105 [Min Grade: D] or ECEC 201 [Min Grade: D],2026-2027,quarter,https://catalog.drexel.edu/coursedescriptions/quarter/undergrad/cs/,2026-09-19T10:53:05.131308+00:00,True,True,True
CS277,Algorithms and Analysis,CS,277,"Introduces foundational concepts in Computer Science theory, including computability, decidability, the Turing Machine, and algorithmic complexity. Applies concepts underlying graph theory and automata to current topics in computing to create contextualized connections between theory and practice.",3.0,CS 260 [Min Grade: C] and CS 270 [Min Grade: C] and MATH 221 [Min Grade: C],2026-2027,quarter,https://catalog.drexel.edu/coursedescriptions/quarter/undergrad/cs/,2026-09-19T10:53:05.131329+00:00,True,True,True
CS281,Systems Architecture,CS,281,"Covers internal function and organization of digital computers, including instruction sets, addressing methods, input-output architectures, central processor organization, machine language, and assembly language.",4.0,(CS 270 [Min Grade: C] or ECE 200 [Min Grade: D]) and (CS 172 [Min Grade: C] or ECEC 201 [Min Grade: D] or ECE 105 [Min Grade: D]),2026-2027,quarter,https://catalog.drexel.edu/coursedescriptions/quarter/undergrad/cs/,2026-09-19T10:53:05.131351+00:00,True,True,True
CS283,Systems Programming,CS,283,"This course introduces computer systems, including interaction of hardware and software through the operating system, from the programmer's perspective. Three fundamental abstractions are emphasized: processes, virtual memory, and files. These abstractions provide programmers a common interface to a wide variety of hardware devices. Topics covered include linking, system level I/O, concurrent programming, and network programming.",3.0,CS 265 [Min Grade: C],2026-2027,quarter,https://catalog.drexel.edu/coursedescriptions/quarter/undergrad/cs/,2026-09-19T10:53:05.131372+00:00,True,True,True
CS300,Applied Symbolic Computation,CS,300,"This course covers the fundamentals of symbolic mathematical methods as embodied in symbolic mathematics software systems, including: fundamental techniques, simplification of expressions, solution of applications problems, intermediate expressions swell, basic economics of symbolic manipulation, efficient solution methods for large problems, hybrid symbolic/numeric techniques.",3.0,CS 260 [Min Grade: C] and CS 270 [Min Grade: C] and MATH 200 [Min Grade: C] and (MATH 201 [Min Grade: C] or ENGR 231 [Min Grade: C]),2026-2027,quarter,https://catalog.drexel.edu/coursedescriptions/quarter/undergrad/cs/,2026-09-19T10:53:05.131394+00:00,True,True,True
CS303,Algorithmic Number Theory and Cryptography,CS,303,"Covers fundamental algorithms for integer arithmetic, greatest common divisor calculation, modular arithmetic, and other number theoretic computations. Algorithms are derived, implemented and analyzed for primality testing and integer factorization. Applications to cryptography are explored including symmetric and public-key cryptosystems. A cryptosystem will be implemented and methods of attack investigated.",3.0,CS 260 [Min Grade: C] and (MATH 221 [Min Grade: C] or MATH 222 [Min Grade: C]) and (MATH 201 [Min Grade: C] or ENGR 231 [Min Grade: D]),2026-2027,quarter,https://catalog.drexel.edu/coursedescriptions/quarter/undergrad/cs/,2026-09-19T10:53:05.131415+00:00,True,True,True
CS314,Computing in the Small,CS,314,Explores the technologies and techniques associated with microcontrollers and Systems on Chips (SOCs) as well as their use in embedded systems. A major focus is on developing software to control input and output devices.,3.0,CS 283 [Min Grade: C],2026-2027,quarter,https://catalog.drexel.edu/coursedescriptions/quarter/undergrad/cs/,2026-09-19T10:53:05.131435+00:00,True,True,True
CS345,Computer Game Design and Development,CS,345,"This course introduces students to the computer game design process. Students also learn how the individual skills of modeling, animation, scripting, interface design and story telling are coordinated to produce interactive media experiences for various markets, devices and purposes.",3.0,CS 265 [Min Grade: C],2026-2027,quarter,https://catalog.drexel.edu/coursedescriptions/quarter/undergrad/cs/,2026-09-19T10:53:05.131455+00:00,True,True,True
CS352,Processor Architecture & Analysis,CS,352,"This course covers performance evaluation and benchmarking, pipelining, superscalar processors, multiprocessors, and interfacing processors and peripherals. The memory hierarchy, including cache and virtual memory, are also explored from a programmer's perspective with high-performance computing techniques in mind.",3.0,CS 281 [Min Grade: C] or ECEC 355 [Min Grade: D],2026-2027,quarter,https://catalog.drexel.edu/coursedescriptions/quarter/undergrad/cs/,2026-09-19T10:53:05.131476+00:00,True,True,True
CS360,Programming Language Concepts,CS,360,"Introduces the design and implementation of modern programming languages: formal theory underlying language implementation; concerns in naming, binding, storage allocation and typing; semantics of expressions and operators, control flow, and subprograms; procedural and data abstraction; functional, logic, and object-oriented languages. Students will construct an interpreter for a nontrivial language.",3.0,CS 260 [Min Grade: C] and CS 265 [Min Grade: C] and CS 270 [Min Grade: C],2026-2027,quarter,https://catalog.drexel.edu/coursedescriptions/quarter/undergrad/cs/,2026-09-19T10:53:05.131498+00:00,True,True,True
CS361,Concurrent Programming,CS,361,"Covers programming of concurrent, cooperating sequential processes. Studies race conditions, critical sections, mutual exclusion, process synchronization, semaphores, monitors, message passing, the rendezvous, deadlock, and starvation.",3.0,CS 260 [Min Grade: C] and (CS 281 [Min Grade: C] or ECEC 355 [Min Grade: D]),2026-2027,quarter,https://catalog.drexel.edu/coursedescriptions/quarter/undergrad/cs/,2026-09-19T10:53:05.131521+00:00,True,True,True
CS370,Operating Systems,CS,370,"Explores the internal algorithms and structures of operating systems: CPU scheduling, memory management, file systems, and device management. Considers the operating system as a collection of cooperating sequential processes (servers) providing an extended or virtual machine that is easier to program than the underlying hardware. Topics include virtual memory, input/output devices, disk request scheduling, deadlocks, file allocation, and security and protection.",3.0,CS 283 [Min Grade: C] or ECEC 353 [Min Grade: D],2026-2027,quarter,https://catalog.drexel.edu/coursedescriptions/quarter/undergrad/cs/,2026-09-19T10:53:05.131542+00:00,True,True,True
CS375,Web Development,CS,375,"Introduction to web development with a focus on programming full-stack web applications. Covers front-end topics like HTML, CSS, and client-side JavaScript, and back-end topics like web servers and databases.",3.0,CS 265 [Min Grade: C],2026-2027,quarter,https://catalog.drexel.edu/coursedescriptions/quarter/undergrad/cs/,2026-09-19T10:53:05.131562+00:00,True,True,True
CS377,Software Security,CS,377,"An introduction to foundational systems concepts underpinning the broad area of software security. Topics covered include access control, software vulnerabilities such as buffer overflows and race conditions, insecurity in software, cryptocurrency, malware, and operating systems security.",3.0,CS 283 [Min Grade: C] or ECEC 353 [Min Grade: D],2026-2027,quarter,https://catalog.drexel.edu/coursedescriptions/quarter/undergrad/cs/,2026-09-19T10:53:05.131583+00:00,True,True,True
CS380,Artificial Intelligence,CS,380,"Explores the foundations of artificial intelligence, including overviews of problem solving, basic and adversarial search, logical agents, natural language processing, machine learning, reinforcement learning, neural networks, deep learning, generative AI, and related special topics, along with their applications to real-world problems.",3.0,CS 260 [Min Grade: C] and CS 270 [Min Grade: C],2026-2027,quarter,https://catalog.drexel.edu/coursedescriptions/quarter/undergrad/cs/,2026-09-19T10:53:05.131605+00:00,True,True,True
CS383,Machine Learning,CS,383,"This course covers the fundamentals of modern statistical machine learning. Lectures will cover the theoretical foundation and algorithmic details of representative topics including probabilities and decision theory, regression, classification, graphical models, mixture models, clustering, expectation maximization, hidden Markov models, and weak learning.",3.0,CS 260 [Min Grade: C] and (MATH 201 [Min Grade: C] or ENGR 231 [Min Grade: D]) and (MATH 221 [Min Grade: C] or MATH 222 [Min Grade: C]) and (MATH 311 [Min Grade: C] or MATH 410 [Min Grade: C] or ECE 361 [Min Grade: D]),2026-2027,quarter,https://catalog.drexel.edu/coursedescriptions/quarter/undergrad/cs/,2026-09-19T10:53:05.131625+00:00,True,True,True
CS385,Evolutionary Computing,CS,385,"This course covers computational intelligence approaches to problem solving for classification, adaptation, optimization, and automated control. Methods covered will include evolutionary programming/genetic algorithms, genetic programming, neural networks, swarm optimization, and fuzzy logic.",3.0,CS 260 [Min Grade: C] and CS 380 [Min Grade: C],2026-2027,quarter,https://catalog.drexel.edu/coursedescriptions/quarter/undergrad/cs/,2026-09-19T10:53:05.131646+00:00,True,True,True
CS387,Game AI Development,CS,387,"This course focuses on artificial intelligence (AI) techniques for computer games. Students will learn both basic and advanced AI techniques that are used in a variety of game genres including first-person shooters, driving games, strategy games, platformers, etc. The course will emphasize the difference between traditional AI and game AI, the latter having a strong design component, focusing on creating games that are “fun to play.” Topics include path-finding, decision-making, strategy and machine learning in games.",3.0,CS 260 [Min Grade: C] and CS 380 [Min Grade: C],2026-2027,quarter,https://catalog.drexel.edu/coursedescriptions/quarter/undergrad/cs/,2026-09-19T10:53:05.131667+00:00,True,True,True
CS417,Reinforcement Learning,CS,417,"Reinforcement Learning (RL) has emerged as a powerful paradigm for creating intelligent, autonomous agents capable of learning from their interactions with the environment. This course provides a comprehensive understanding of key theoretical concepts, and students will learn about the core challenges and approaches, including generalization and exploration. Through a combination of theoretical lectures and hands-on coding projects, students will learn key concepts in RL, including MDPs, dynamic programming, deep RL, and the latest advances in model-based and model-free RL algorithms.",3.0,CS 380 [Min Grade: C],2026-2027,quarter,https://catalog.drexel.edu/coursedescriptions/quarter/undergrad/cs/,2026-09-19T10:53:05.131688+00:00,True,True,True
CS429,Software Defined Radio Laboratory,CS,429,"This laboratory course takes a Software-Defined Radio (SDR) implementation approach to learn about modern analog and digital communication systems. Software defined radio uses general purpose radio hardware that can be programmed in software to implement different communication standards. We will begin by discussing the basic principles of wireless radio frequency transmissions and leverage this knowledge to build analog and digital communication systems. Knowledge of these techniques and systems will provide a platform that can be used in the class project for further exploration of wireless networking topics such as cybersecurity, cognitive radio, smart cities, and the Internet of Things.",3.0,(CS 260 [Min Grade: C] and CS 265 [Min Grade: C] and CS 270 [Min Grade: C]),2026-2027,quarter,https://catalog.drexel.edu/coursedescriptions/quarter/undergrad/cs/,2026-09-19T10:53:05.131709+00:00,True,True,True
CS430,Computer Graphics,CS,430,"The course presents the fundamental geometric representations and drawing algorithms of computer graphics through lectures and programming assignments. The representations include lines, curves, splines, polygons, meshes, parametric surfaces and solids. The algorithms include line drawing, curve and surface evaluation, polygon filling, clipping, 3D-to-2D projection and hidden surface removal.",3.0,CS 260 [Min Grade: C] and (MATH 201 [Min Grade: C] or MATH 261 [Min Grade: C] or ENGR 231 [Min Grade: D]),2026-2027,quarter,https://catalog.drexel.edu/coursedescriptions/quarter/undergrad/cs/,2026-09-19T10:53:05.131730+00:00,True,True,True
CS432,Interactive Computer Graphics,CS,432,"This is a project-oriented class that covers the concepts and programming details of interactive computer graphics. These include graphics primitives, display lists, picking, shading, rendering buffers and transformations. Students will learn an industry-standard graphics system by implementing weekly programming assignments. The course culminates with a student-defined project.",3.0,CS 260 [Min Grade: C] and (MATH 201 [Min Grade: C] or MATH 261 [Min Grade: C] or ENGR 231 [Min Grade: D]),2026-2027,quarter,https://catalog.drexel.edu/coursedescriptions/quarter/undergrad/cs/,2026-09-19T10:53:05.131751+00:00,True,True,True
CS435,Computational Photography,CS,435,"Fundamentals of computational photography, an interdisciplinary field at the intersection of computer vision, graphics, and photography. Covered topics include fundamentals of cameras, novel camera designs, image manipulation, single-view modeling, and image-based rendering with an emphasis on learning the computational methods and their underlying mathematical concepts through hands-on assignments.",3.0,CS 260 [Min Grade: C] and (MATH 201 [Min Grade: C] or MATH 261 [Min Grade: C] or ENGR 231 [Min Grade: D]),2026-2027,quarter,https://catalog.drexel.edu/coursedescriptions/quarter/undergrad/cs/,2026-09-19T10:53:05.131771+00:00,True,True,True
CS438,Game Engine Programming,CS,438,"The goal of this course is to learn the general principles and techniques required to build a game engine from scratch. The course covers basic programming techniques for games, but without focusing on any specific programming language nor platform. Topics include game engine architecture, game loops, real-time 2D and 3D rendering, collision detection, input handling, networking, animation, scripting, Game AI, and 2D and 3D physics simulation. Additionally, students will also gain knowledge of existing game engines.",3.0,CS 260 [Min Grade: C] and (MATH 201 [Min Grade: C] or ENGR 231 [Min Grade: C]),2026-2027,quarter,https://catalog.drexel.edu/coursedescriptions/quarter/undergrad/cs/,2026-09-19T10:53:05.131792+00:00,True,True,True
CS440,Theory of Computation,CS,440,"Finite automata, regular sets, and regular expressions; pushdown automata, context-free languages, and normal forms for grammars; Turing machines and recursively enumerable sets; Chomsky hierarchy; computability theory.",3.0,CS 270 [Min Grade: C] and (MATH 221 [Min Grade: C] or MATH 222 [Min Grade: C]),2026-2027,quarter,https://catalog.drexel.edu/coursedescriptions/quarter/undergrad/cs/,2026-09-19T10:53:05.131813+00:00,True,True,True
CS441,Compiler Implementation,CS,441,"Covers the fundamentals of optimizing compilers and code generation, including compiler intermediate representations, basic compiler optimizations, program analyses to enable optimizations (such as value numbering), and generation of efficient code (register allocation and instruction selection).",3.0,CS 281 [Min Grade: C] or ECE 350 [Min Grade: D],2026-2027,quarter,https://catalog.drexel.edu/coursedescriptions/quarter/undergrad/cs/,2026-09-19T10:53:05.131833+00:00,True,True,True
CS455,Computational Network Neuroscience,CS,455,"This course provides a broad introduction to computational network neuroscience, also known as connectomics, which is an interdisciplinary field between medicine, neuroscience, machine learning, and graph theory to students coming from a computing background. Processing of neuroimaging data to obtain brain networks, its analysis using basic statistical methods as well as advanced machine learning techniques, with applications on healthy and various patient populations will be covered. After taking the course, the student will become prepared for a postgraduate level research experience in the burgeoning field of connectomics.",3.0,CS 172 [Min Grade: C] or CS 175 [Min Grade: C] or ENGR 132 [Min Grade: D] or BMES 202 [Min Grade: D] or BIO 331 [Min Grade: D] or PBHL 211 [Min Grade: D],2026-2027,quarter,https://catalog.drexel.edu/coursedescriptions/quarter/undergrad/cs/,2026-09-19T10:53:05.131855+00:00,True,True,True
CS457,Data Structures and Algorithms I,CS,457,"This course covers techniques for analyzing algorithms, including: asymptotic analysis, recurrence relations, and probabilistic analysis; data structures such as hash tables and binary trees; algorithm design techniques such as dynamic programming, greedy methods, and divide & conquer, as well as graph algorithms for graph traversal, minimum spanning trees, and shortest paths.",4.0,CS 260 [Min Grade: C] and CS 270 [Min Grade: C] and CS 277 [Min Grade: C] and (MATH 221 [Min Grade: C] or MATH 222 [Min Grade: C]),2026-2027,quarter,https://catalog.drexel.edu/coursedescriptions/quarter/undergrad/cs/,2026-09-19T10:53:05.131875+00:00,True,True,True
CS458,Data Structures and Algorithms II,CS,458,This course covers the amortized analysis of algorithms and data structures; Fibonacci heaps; graph algorithms for maximizing network flow and computing minimum all pairs shortest paths; string matching algorithms; NP-Completeness and approximation algorithms.,3.0,CS 457 [Min Grade: D],2026-2027,quarter,https://catalog.drexel.edu/coursedescriptions/quarter/undergrad/cs/,2026-09-19T10:53:05.131895+00:00,True,True,True
CS461,Database Systems,CS,461,"Covers topics including structure and function of database systems, normal form theory, data models (relational, network, and hierarchical), query processing (ISBL), relational algebra and calculus, and file structures. Includes programming project using DBMS.",3.0,CS 260 [Min Grade: C],2026-2027,quarter,https://catalog.drexel.edu/coursedescriptions/quarter/undergrad/cs/,2026-09-19T10:53:05.131937+00:00,True,True,True
CS463,Cloud Native Platform Engineering,CS,463,"Introduction to various aspects of software design, development and architecture used to create modern cloud computing software products, that run cost-effectively at scale. Focus will be placed on covering software engineering concepts, techniques and technologies used to build and deploy applications that run at scale on cloud infrastructure. Key topics include cloud native platform engineering concepts such as developing and deploying infrastructure to support a modern API-based application in the cloud.",3.0,CS 283 [Min Grade: C],2026-2027,quarter,https://catalog.drexel.edu/coursedescriptions/quarter/undergrad/cs/,2026-09-19T10:53:05.131957+00:00,True,True,True
CS465,Privacy and Trust,CS,465,"This course will motivate the need for privacy protection and introduce basic privacy properties such as anonymity, unlinkability or unobservability. We will then discuss how these properties can be formalized, modeled and measured. The course will provide a broad overview of the state-of-the-art in privacy technologies, explain the main issues that these technologies address, what the current solutions are able to achieve, and the remaining open problems.",3.0,CS 265 [Min Grade: C] and CS 270 [Min Grade: C],2026-2027,quarter,https://catalog.drexel.edu/coursedescriptions/quarter/undergrad/cs/,2026-09-19T10:53:05.131978+00:00,True,True,True
CS472,"Computer Networks: Theory, Applications and Programming",CS,472,"Introduction to computer networking theory, applications and programming, focusing on large heterogeneous networks. Broad topdown introductions to computer networking concepts including distributed applications, socket programming, operation system and router support, router algorithms, and sending bits over congested, noisy and unreliable communication links.",3.0,CS 361 [Min Grade: D] or CS 283 [Min Grade: C] or ECEC 353 [Min Grade: D],2026-2027,quarter,https://catalog.drexel.edu/coursedescriptions/quarter/undergrad/cs/,2026-09-19T10:53:05.131998+00:00,True,True,True
CS475,Network Security,CS,475,"An introduction to foundational systems concepts underpinning the specialized area of network security. Focus to be given to security issues pertaining to the Data Link, Network, and Transport layers of the network stack. Topics include packet sniffing and spoofing, as well as MAC, IP, ICMP, TCP, and UDP attacks.",3.0,CS 472 [Min Grade: D] or CS 283 [Min Grade: C] or ECEC 353 [Min Grade: D],2026-2027,quarter,https://catalog.drexel.edu/coursedescriptions/quarter/undergrad/cs/,2026-09-19T10:53:05.132018+00:00,True,True,True
CS476,High Performance Computing,CS,476,"This course is an introduction to high performance computing, including concepts and applications. Course contents will include discussions of different types of high performance computer architectures (multi-core/multi-threaded processors, parallel computers, etc), the design, implementation, optimization and analysis of efficient algorithms for uni-processors, multi-threaded processors, parallel computers, and high performance programming.",3.0,(CS 281 [Min Grade: C] and CS 283 [Min Grade: C]) or (ECEC 353 [Min Grade: D] and ECEC 355 [Min Grade: D]),2026-2027,quarter,https://catalog.drexel.edu/coursedescriptions/quarter/undergrad/cs/,2026-09-19T10:53:05.132038+00:00,True,True,True
CS478,Advanced Web Development,CS,478,"Deeper dive into web development with a focus on programming full-stack web applications. Topics may include front-end frameworks, API architecture, authentication, deployment, security, and testing.",3.0,CS 375 [Min Grade: D],2026-2027,quarter,https://catalog.drexel.edu/coursedescriptions/quarter/undergrad/cs/,2026-09-19T10:53:05.132059+00:00,True,True,True
CS479,Advanced Network Security,CS,479,"A treatment of advanced systems concepts underpinning the specialized area of network security. Focus to be given to security issues pertaining to the Application layer of the network stack. Topics include security attacks on Firewalls and DNS, as well as attacks on Web Applications such as Cross-Site Request Forgery, Cross-Site Scripting, and SQL Injection.",3.0,CS 475 [Min Grade: D],2026-2027,quarter,https://catalog.drexel.edu/coursedescriptions/quarter/undergrad/cs/,2026-09-19T10:53:05.132079+00:00,True,True,True
CS481,Advanced Artificial Intelligence,CS,481,"This course covers topics in representation, reasoning, and decision-making under uncertainty; learning; solving problems with time-varying properties. Assignments applying AI techniques toward building intelligent machines that interact with dynamic, uncertain worlds will be given.",3.0,CS 380 [Min Grade: D] and (MATH 311 [Min Grade: D] or MATH 410 [Min Grade: D] or ECE 361 [Min Grade: D]),2026-2027,quarter,https://catalog.drexel.edu/coursedescriptions/quarter/undergrad/cs/,2026-09-19T10:53:05.132099+00:00,True,True,True
CS482,Robust Machine Learning,CS,482,"This course introduces students to the understanding about the robustness and vulnerability of current state-of-the-art machine learning systems. Lectures will cover the theoretical foundation and algorithmic details of different types of adversarial attack and defense methods accordingly on multiple machine learning tasks including image classification, object detection, natural language processing, etc. Students will understand the intriguing property of deep learning systems and know the significance of robust and trustworthy machine learning.",3.0,CS 380 [Min Grade: C] or CS 383 [Min Grade: C],2026-2027,quarter,https://catalog.drexel.edu/coursedescriptions/quarter/undergrad/cs/,2026-09-19T10:53:05.132120+00:00,True,True,True
CS486,Topics in Artificial Intelligence,CS,486,"A variety of special topics are offered in artificial intelligence (AI) including: intelligent time-critical reasoning, knowledge-based agents, machine learning, natural language processing, and geometric reasoning. This course may be repeated for credit as topics vary.",3.0,CS 380 [Min Grade: C],2026-2027,quarter,https://catalog.drexel.edu/coursedescriptions/quarter/undergrad/cs/,2026-09-19T10:53:05.132142+00:00,True,True,True
ECEC201,Advanced Programming for Engineers,ECEC,201,This course will cover advanced usage and understanding of programming concepts using the C programming language within a Linux development environment. C will serve as a foundation for future embedded firmware and system level software authorship as well as a means to better understand the underlying program execution model and memory organization used by modern computing systems.,3.0,ENGR 131 [Min Grade: D] or ENGR 132 [Min Grade: D] or ECE 203 [Min Grade: D] or CS 171 [Min Grade: D],2026-2027,quarter,https://catalog.drexel.edu/coursedescriptions/quarter/undergrad/ecec/,2026-09-19T10:53:06.331509+00:00,True,True,True
ECEC204,Design with Microcontrollers,ECEC,204,"Offers hands-on experience in the design of controllers that incorporate microcontrollers as an embedded component in a larger system. The microcomputer topics to be studied will include architecture, software, programming and interfaces.",3.0,(ECE 200 [Min Grade: D] or CS 270 [Min Grade: D]) and (ECEC 201 [Min Grade: D] or ECEC 301 [Min Grade: D]),2026-2027,quarter,https://catalog.drexel.edu/coursedescriptions/quarter/undergrad/ecec/,2026-09-19T10:53:06.331547+00:00,True,True,True
ECEC302,Digital Systems Projects,ECEC,302,"Studies the theory of digital system design and the topdown design methodology using hardware description language and software tools for simulation, synthesis and Field Programmable Gate Array (FPGA) implementation.",3.0,(ECE 105 [Min Grade: D] or CS 172 [Min Grade: D] or ECE 203 [Min Grade: D]) and (ECE 200 [Min Grade: D] or CS 270 [Min Grade: D]),2026-2027,quarter,https://catalog.drexel.edu/coursedescriptions/quarter/undergrad/ecec/,2026-09-19T10:53:06.331575+00:00,True,True,True
ECEC353,Systems Programming,ECEC,353,"This course introduces computer systems, including interaction of hardware and software through the operating system, from the programmer's perspective. Three fundamental abstractions are emphasized: processes, virtual memory, and files. These abstractions provide programmers a common interface to a wide variety of hardware devices. Topics covered include linking, system level I/O, concurrent programming, and network programming.",3.0,CS 265 [Min Grade: D] or ECEC 201 [Min Grade: D],2026-2027,quarter,https://catalog.drexel.edu/coursedescriptions/quarter/undergrad/ecec/,2026-09-19T10:53:06.331598+00:00,True,True,True
ECEC355,Computer Organization & Architecture,ECEC,355,"This course will cover the principles of designing microprocessors using solid engineering fundamentals and quantitative cost/performance trade-offs. Topics will cover computer performance from hardware and software perspective, instruction set architectures focusing on RISC-V, arithmetic for computers, processor datapath and control, single cycle microarchitectures, and pipeline architectures. The course will introduce issues in pipeline design and techniques to solve these issues.",3.0,ECEC 201 [Min Grade: D],2026-2027,quarter,https://catalog.drexel.edu/coursedescriptions/quarter/undergrad/ecec/,2026-09-19T10:53:06.331621+00:00,True,True,True
ECEC356,Embedded Systems,ECEC,356,"Lectures will cover theoretical concepts of embedded and cyber‐physical systems including discrete and continuous dynamics, hybrid systems, state machines, concurrent computation, embedded systems architecture and scheduling. Lab involves programming embedded applications for the decentralized software services architecture using C# and the Microsoft Robotics Software Development Kit (SDK) together with the hardware image processing and tracking capabilities of the Kinect sensor.",4.0,ECEC 204 [Min Grade: D] or ECEC 304 [Min Grade: D],2026-2027,quarter,https://catalog.drexel.edu/coursedescriptions/quarter/undergrad/ecec/,2026-09-19T10:53:06.331643+00:00,True,True,True
ECEC357,Introduction to Computer Networks,ECEC,357,"History of the Internet; introduction to packet switching, circuit switching and virtual circuit switching; statistical multiplexing; protocol layering; metrics of network performance including bandwidth, delay and loss; medium access protocols and Ethernet; routing algorithms; end-to-end issues; flow and congestion control; an overview of application layer protocols.",3.0,ECE 105 [Min Grade: D] or ECEC 201 [Min Grade: D] or CS 171 [Min Grade: D],2026-2027,quarter,https://catalog.drexel.edu/coursedescriptions/quarter/undergrad/ecec/,2026-09-19T10:53:06.331665+00:00,True,True,True
ECEC402,Digital System Projects Embedded Design,ECEC,402,"A project-based course on real-time applications using Field Programmable Gate Array (FPGA), embedded processors (software), IP (Intellectual Property) cores library and custom IP cores.",3.0,ECEC 302 [Min Grade: D],2026-2027,quarter,https://catalog.drexel.edu/coursedescriptions/quarter/undergrad/ecec/,2026-09-19T10:53:06.331690+00:00,True,True,True
ECEC412,Modern Processor Design,ECEC,412,"This course introduces modern processor design in a systematic manner. It discusses dynamically scheduled superscalar techniques including advanced branch prediction, performance analysis of static and dynamic branch prediction techniques, cache design principles, cache replacement policies, techniques to exploit instruction-level parallelism via out-of-order execution, and techniques to tolerate long memory latencies via speculative and run-ahead executions. The course provides a comprehensive coverage of modern practices in processor design.",3.0,ECEC 355 [Min Grade: D] or CS 281 [Min Grade: D],2026-2027,quarter,https://catalog.drexel.edu/coursedescriptions/quarter/undergrad/ecec/,2026-09-19T10:53:06.331753+00:00,True,True,True
ECEC413,Introduction to Parallel Computer Architecture,ECEC,413,Students will develop parallel algorithms for shared-memory parallel computers using pthreads and OpenMP programming interfaces. The course will also teach students how to develop parallel algorithms for the graphics processing unit (GPU) and implement them using the CUDA programming interface. Students will be introduced to the architecture of a modern GPU and to the CUDA programming interface; and will gain proficiency in general purpose programming on the GPU.,3.0,ECEC 201 [Min Grade: D] or CS 265 [Min Grade: D],2026-2027,quarter,https://catalog.drexel.edu/coursedescriptions/quarter/undergrad/ecec/,2026-09-19T10:53:06.331799+00:00,True,True,True
ECEC414,High Performance Computing,ECEC,414,"This course is an introduction to high performance computing, including both concepts and applications. Course contents will include discussions of different types of high performance computer architectures (multi-core/multi-threaded processors, parallel computers, etc.), the design, implementation, optimization and analysis of efficient algorithms for uni-processors, multi-threaded processors, and parallel computers, and high performance programming.",3.0,ECEC 355 [Min Grade: D] or (CS 281 [Min Grade: D] and CS 282 [Min Grade: D]),2026-2027,quarter,https://catalog.drexel.edu/coursedescriptions/quarter/undergrad/ecec/,2026-09-19T10:53:06.331827+00:00,True,True,True
ECEC421,Introduction to Operating Systems I,ECEC,421,"Covers basic concepts of computer operating systems, including multiprocessing and multiprogramming systems, lock operations, synchronization, and file structures.",3.0,ECEC 353 [Min Grade: C] or CS 283 [Min Grade: C],2026-2027,quarter,https://catalog.drexel.edu/coursedescriptions/quarter/undergrad/ecec/,2026-09-19T10:53:06.331852+00:00,True,True,True
ECEC422,Introduction to Operating Systems II,ECEC,422,Further develops the topics of ECEC 421 . Spring.,3.0,ECEC 421 [Min Grade: D],2026-2027,quarter,https://catalog.drexel.edu/coursedescriptions/quarter/undergrad/ecec/,2026-09-19T10:53:06.331877+00:00,True,True,True
ECEC432,Internet Architecture and Protocols,ECEC,432,"Covers architecture, protocols, and services of the Internet with an analytical approach focused on design principles; Internet architecture and topology; architecture of web and mail servers; router architectures; routing protocols; multicasting; multimedia over IP and associated protocols; Quality-of-Service issues in the Internet.",3.0,ECEC 357 [Min Grade: D] or CS 472 [Min Grade: D],2026-2027,quarter,https://catalog.drexel.edu/coursedescriptions/quarter/undergrad/ecec/,2026-09-19T10:53:06.331900+00:00,True,True,True
ECEC433,Network Programming,ECEC,433,"Covers application layer protocol and how applications use the transport layer; principles and practice of network programming; the client-server model; concurrent processing; introduction to sockets and related functions client and server software design with examples; principles, issues and challenges in e-mail and web application protocols; security protocols; and network life system concepts.",3.0,ECEC 357 [Min Grade: D],2026-2027,quarter,https://catalog.drexel.edu/coursedescriptions/quarter/undergrad/ecec/,2026-09-19T10:53:06.331922+00:00,True,True,True
ECEC457,Security in Computing,ECEC,457,The course introduces ideas from Cryptography and Fault Tolerant Computing. Cryptography studies how to artificially create distortions that being interwoven with computations mask them from eavesdropping. Fault Tolerance studies techniques of suppressing effects of natural noises that operate in computation channels. The course deals with both some introductory issues in Public Key Cryptography and some important aspects of designing Fault Tolerant Systems.,3.0,ECEC 355 [Min Grade: D],2026-2027,quarter,https://catalog.drexel.edu/coursedescriptions/quarter/undergrad/ecec/,2026-09-19T10:53:06.331945+00:00,True,True,True
ECEC459,Testing of Hardware,ECEC,459,"Testing has become the largest expense item in the semiconductor industry. There is rapidly being developed new techniques in testing, design for test and built-in self-test because no existing set of techniques can satisfy the existing and future needs. The course reviews, in a unified way, important issues in testing and diagnosis of hardware. Together with the ""Security in Computing"" course, it brings a design engineer student to the state of the art level in the field.",3.0,ECEC 355 [Min Grade: D],2026-2027,quarter,https://catalog.drexel.edu/coursedescriptions/quarter/undergrad/ecec/,2026-09-19T10:53:06.331971+00:00,True,True,True
ECEC474,ASIC Design I,ECEC,474,"This course will focus exclusively on digital CMOS Application Specific Integrated Circuit (ASIC) systems design and automation. The ASIC physical design flow, including logic synthesis, floorplanning, placement, clock tree synthesis, routing and verification will be presented. These back-end physical design flow steps will also be covered through hands-on practice using industrial VLSI CAD tools. Contemporary design practices will be reviewed and presented in experiments.",3.0,ECE 200 [Min Grade: D] and (ECEC 355 [Min Grade: D] or CS 281 [Min Grade: D]),2026-2027,quarter,https://catalog.drexel.edu/coursedescriptions/quarter/undergrad/ecec/,2026-09-19T10:53:06.331993+00:00,True,True,True
ECEC475,ASIC Design II,ECEC,475,"Design and analysis of Application Specific Integrated Circuits (ASICs) will be covered from a systems design perspective. System timing, arithmetic building block and memory block design processes will be presented. Design tasks in a quarter-long, small-complexity processor design project will cover the back-end of the IC design flow range, from RTL synthesis to timing and power analysis. Projects will be performed in a hierarchical group, similar to an industrial setting, with other graduate and undergraduate students.",3.0,ECEC 474 [Min Grade: D],2026-2027,quarter,https://catalog.drexel.edu/coursedescriptions/quarter/undergrad/ecec/,2026-09-19T10:53:06.332015+00:00,True,True,True
ECEC476,Hardware Security & Trust,ECEC,476,"The course covers a broad range of current topics in the areas of security and protection of modern integrated circuits. The covered material includes cryptographic processor and processing overhead, physical and invasive attacks, side-channel attacks, physically unclonable functions, hardware-based true random number generators, watermarking of intellectual property, FPGA security, passive and active metering for prevention of piracy, access control, and emerging threats to current and next- generation technologies.",3.0,ECE 471 [Min Grade: D],2026-2027,quarter,https://catalog.drexel.edu/coursedescriptions/quarter/undergrad/ecec/,2026-09-19T10:53:06.332040+00:00,True,True,True
ECEC486,Cell and Tissue Image Analysis,ECEC,486,"Theory of supervised and unsupervised pattern recognition techniques, with practical programming projects.",3.0,ECE 361 [Min Grade: D],2026-2027,quarter,https://catalog.drexel.edu/coursedescriptions/quarter/undergrad/ecec/,2026-09-19T10:53:06.332063+00:00,True,True,True
ECEC487,Pattern Recognition,ECEC,487,"Theory of supervised and unsupervised statistical pattern recognition, presented through practical programming techniques.",3.0,ECE 361 [Min Grade: D],2026-2027,quarter,https://catalog.drexel.edu/coursedescriptions/quarter/undergrad/ecec/,2026-09-19T10:53:06.332084+00:00,True,True,True
MATH100,Fundamentals of Mathematics,MATH,100,"Course covers properties of real numbers, algebraic expressions, rational expressions, linear and quadratic functions and graphs. This course is intended to give students the background needed to enroll in MATH 101 .",3.0,,2026-2027,quarter,https://catalog.drexel.edu/coursedescriptions/quarter/undergrad/math/,2026-09-19T10:53:08.792040+00:00,True,True,True
MATH101,Introduction to Analysis I,MATH,101,"Covers linear, quadratic, exponential, and logarithmic functions; systems of linear equations; elementary linear programming; matrix algebra; inverse; and mathematics of finance.",4.0,MATH 100 [Min Grade: C-] or APEM 070 or APC 060 or APMA49 P or APCA49 P Corequisite : EXAM 080,2026-2027,quarter,https://catalog.drexel.edu/coursedescriptions/quarter/undergrad/math/,2026-09-19T10:53:08.792085+00:00,True,True,True
MATH102,Introduction to Analysis II,MATH,102,"Covers limits, continuity, derivatives, indefinite and definite integrals, and applications.",4.0,MATH 101 [Min Grade: D] or MATH 171 [Min Grade: C-] Corequisite : EXAM 080,2026-2027,quarter,https://catalog.drexel.edu/coursedescriptions/quarter/undergrad/math/,2026-09-19T10:53:08.792112+00:00,True,True,True
MATH105,"Algebra, Functions, and Trigonometry",MATH,105,"Properties of real numbers, algebraic expressions, rational expressions, linear and quadratic functions and graphs, and additional topics from algebra. Topics from geometry and trigonometry essential for the study of calculus.",6.0,,2026-2027,quarter,https://catalog.drexel.edu/coursedescriptions/quarter/undergrad/math/,2026-09-19T10:53:08.792136+00:00,True,True,True
MATH107,Probability and Statistics for Liberal Arts,MATH,107,"Probability and statistics in everyday life. The pitfalls of interpreting statistical data. A basic introduction to probability, chance, and gambling. Examples include coin-tossing, dice and roulette wheels.",3.0,MATH 100 [Min Grade: D] or MATH 101 [Min Grade: D] or APEM 070 or MATH 171 [Min Grade: D],2026-2027,quarter,https://catalog.drexel.edu/coursedescriptions/quarter/undergrad/math/,2026-09-19T10:53:08.792158+00:00,True,True,True
MATH108,Mathematics for Nursing Professionals,MATH,108,"Math foundations needed in the calculation of dosages and solutions of medications. Topics include systems of measurement and calculating dosages involving tablets, capsules, liquids, and powders.",3.0,,2026-2027,quarter,https://catalog.drexel.edu/coursedescriptions/quarter/undergrad/math/,2026-09-19T10:53:08.792180+00:00,True,True,True
MATH110,Precalculus,MATH,110,"Reviews topics from algebra, geometry, and trigonometry essential for the study of calculus. For students planning to take Calculus I.",3.0,MATH 100 [Min Grade: C] or APC 060 or APMA49 P or APCA49 P Corequisite : EXAM 082,2026-2027,quarter,https://catalog.drexel.edu/coursedescriptions/quarter/undergrad/math/,2026-09-19T10:53:08.792226+00:00,True,True,True
MATH116,Calculus and Functions I,MATH,116,"This is the first course in a two-term sequence designed to introduce students to key concepts from differential calculus while reviewing essential topics from algebra, geometry, and precalculus. Material includes limits and derivatives of algebraic functions and applications. Some students may need a one-credit concurrent practicum course ( MATH 111 ) depending on their calculus exam score and summer preparatory review participation.",4.0,APC 036 or MATH 100 [Min Grade: C] or APMA49 P or APCA49 P Corequisite : EXAM 082,2026-2027,quarter,https://catalog.drexel.edu/coursedescriptions/quarter/undergrad/math/,2026-09-19T10:53:08.792337+00:00,True,True,True
MATH117,Calculus and Functions II,MATH,117,"This is the second course in a two-term sequence designed to introduce students to key concepts from differential calculus while reviewing essential topics from algebra, geometry, and precalculus. Material includes limits and derivatives of transcendental functions and applications.",4.0,MATH 116 [Min Grade: C-] Corequisite : EXAM 082,2026-2027,quarter,https://catalog.drexel.edu/coursedescriptions/quarter/undergrad/math/,2026-09-19T10:53:08.792360+00:00,True,True,True
MATH121,Calculus I,MATH,121,"Functions, limits and continuity, derivatives, trancendental functions, and applications.",4.0,MATH 110 [Min Grade: C-] or MATH 105 [Min Grade: C-] or APC 070 or APCA50 P or AP09 4 Corequisite : EXAM 080,2026-2027,quarter,https://catalog.drexel.edu/coursedescriptions/quarter/undergrad/math/,2026-09-19T10:53:08.792400+00:00,True,True,True
MATH122,Calculus II,MATH,122,"Definite integrals, Fundamental Theorem of Calculus, integration techniques, applications of integration, numerical integration and differential equations.",4.0,MATH 117 [Min Grade: C-] or MATH 121 [Min Grade: C-] or AP66 4 or AP69 4 Corequisite : EXAM 080,2026-2027,quarter,https://catalog.drexel.edu/coursedescriptions/quarter/undergrad/math/,2026-09-19T10:53:08.792422+00:00,True,True,True
MATH123,Calculus III,MATH,123,"Differential equations, Taylor's theorem, sequence and series, convergence, power series.",4.0,MATH 122 [Min Grade: D] Corequisite : EXAM 080,2026-2027,quarter,https://catalog.drexel.edu/coursedescriptions/quarter/undergrad/math/,2026-09-19T10:53:08.792444+00:00,True,True,True
MATH171,Introduction to Analysis A,MATH,171,"Polynomials (including linear and quadratic functions), exponential and logarithmic functions, financial applications, matrices, inverse matrices, and solutions of linear systems.",3.0,MATH 100 [Min Grade: C-] or APEM 070 or APC 060 or APMA49 P or APCA49 P,2026-2027,quarter,https://catalog.drexel.edu/coursedescriptions/quarter/undergrad/math/,2026-09-19T10:53:08.792465+00:00,True,True,True
MATH172,Introduction to Analysis B,MATH,172,"Matrices, inverse matrices, and solutions of linear systems, limits, continuity, rates of change and derivatives, techniques of differentiation.",3.0,MATH 171 [Min Grade: C-] or MATH 101 [Min Grade: D],2026-2027,quarter,https://catalog.drexel.edu/coursedescriptions/quarter/undergrad/math/,2026-09-19T10:53:08.792486+00:00,True,True,True
MATH173,Introduction to Analysis C,MATH,173,"Applications of differentiation (including graphing and optimization), definite and indefinite integrals, techniques of integration, applications of integration.",3.0,MATH 172 [Min Grade: C-],2026-2027,quarter,https://catalog.drexel.edu/coursedescriptions/quarter/undergrad/math/,2026-09-19T10:53:08.792508+00:00,True,True,True
MATH180,Discrete Computational Structures,MATH,180,"Covers basic concepts of discrete mathematics that are important to computing, including elementary set theory, recurrence relations, and graph theory.",4.0,MATH 102 [Min Grade: D] or MATH 121 [Min Grade: D] or MATH 172 [Min Grade: C-] or MATH 117 [Min Grade: D],2026-2027,quarter,https://catalog.drexel.edu/coursedescriptions/quarter/undergrad/math/,2026-09-19T10:53:08.792529+00:00,True,True,True
MATH200,Multivariate Calculus,MATH,200,"Vectors, curves, partial derivatives, gradient, constrained optimization, coordinate system, multiple integrals, and applications.",4.0,MATH 122 [Min Grade: D] or AP68 4 Corequisite : EXAM 080,2026-2027,quarter,https://catalog.drexel.edu/coursedescriptions/quarter/undergrad/math/,2026-09-19T10:53:08.792550+00:00,True,True,True
MATH201,Linear Algebra,MATH,201,"Systems of linear equations, matrix algebra, determinants, vector spaces, eigenvalues and eigenvectors, orthogonality, diagonalization, applications.",4.0,MATH 121 [Min Grade: D] or MATH 117 [Min Grade: D] or MATH 102 [Min Grade: D] Corequisite : EXAM 081,2026-2027,quarter,https://catalog.drexel.edu/coursedescriptions/quarter/undergrad/math/,2026-09-19T10:53:08.792572+00:00,True,True,True
MATH205,Survey of Geometry,MATH,205,"Axiomatic approach to geometry: plane geometry, transformational geometrics, and an introduction to classical non-Euclidean geometries. Includes experimental approaches using appropriate software tools.",3.0,,2026-2027,quarter,https://catalog.drexel.edu/coursedescriptions/quarter/undergrad/math/,2026-09-19T10:53:08.792592+00:00,True,True,True
MATH210,Differential Equations,MATH,210,"Covers solution methods and properties for scalar and vector differential equations. Topics include linear and nonlinear equations, numerical methods, separation of variables, and transform methods.",4.0,MATH 200 [Min Grade: D] and MATH 201 [Min Grade: D] Corequisite : EXAM 081,2026-2027,quarter,https://catalog.drexel.edu/coursedescriptions/quarter/undergrad/math/,2026-09-19T10:53:08.792614+00:00,True,True,True
MATH220,[WI] Introduction to Mathematical Reasoning,MATH,220,"A transition course that develops the reasoning skills necessary for later courses. Emphasizes writing and presentation skills. Topics taken from set theory, logic, induction, relations, functions, and properties of the real number system.",3.0,MATH 123 [Min Grade: C-] or MATH 200 [Min Grade: C-],2026-2027,quarter,https://catalog.drexel.edu/coursedescriptions/quarter/undergrad/math/,2026-09-19T10:53:08.792636+00:00,True,True,True
MATH221,Discrete Mathematics,MATH,221,"Elementary set theory, combinatorics, elementary number theory, graphs, and special topics chosen from formal language theory, graph algorithms, coding theory, and other applications.",3.0,MATH 220 [Min Grade: C] or CS 270 [Min Grade: D] or ECE 200 [Min Grade: D] Corequisite : EXAM 081,2026-2027,quarter,https://catalog.drexel.edu/coursedescriptions/quarter/undergrad/math/,2026-09-19T10:53:08.792658+00:00,True,True,True
MATH222,[WI] Combinatorics,MATH,222,"Select combinatorial topics such as recurrence relations, generating functions, inclusion-exclusion, and graph theory. Emphasis on techniques for writing mathematical arguments and proofs.",3.0,MATH 220 [Min Grade: C],2026-2027,quarter,https://catalog.drexel.edu/coursedescriptions/quarter/undergrad/math/,2026-09-19T10:53:08.792679+00:00,True,True,True
MATH238,History of Mathematics,MATH,238,"This course explores the history of mathematical concepts. Both the people involved and the environment in which the developments took place will be studied. Mathematics from the time of Babylonia to the present will be discussed. The presentation will take a thematic approach, which may vary each term.",3.0,,2026-2027,quarter,https://catalog.drexel.edu/coursedescriptions/quarter/undergrad/math/,2026-09-19T10:53:08.792717+00:00,True,True,True
MATH239,Mathematics for the Life Sciences,MATH,239,"A broad survey of mathematical topics that are fundamental for application in the life science: multivariate calculus, differential equations, elementary probability. Emphasis on application.",4.0,MATH 102 [Min Grade: D] or MATH 122 [Min Grade: D],2026-2027,quarter,https://catalog.drexel.edu/coursedescriptions/quarter/undergrad/math/,2026-09-19T10:53:08.792738+00:00,True,True,True
MATH250,Mathematics of Investment and Credit,MATH,250,"Interest Rate Measurement, Valuation of Annuities, Loan Repayment,Bond Valuation Recommended for students taking actuarial exam FM2.",3.0,MATH 123 [Min Grade: D],2026-2027,quarter,https://catalog.drexel.edu/coursedescriptions/quarter/undergrad/math/,2026-09-19T10:53:08.792759+00:00,True,True,True
MATH261,Linear Algebra,MATH,261,"Covers matrix arithmetic systems of linear equations, including vector spaces, coordinate systems, determinants, characteristic value problems, and Euclidean spaces, and application to quadratic forms and linear differential equations. Problems from engineering and science will be solved using applications such as MATLAB during the lab.",3.0,MATH 122 [Min Grade: D],2026-2027,quarter,https://catalog.drexel.edu/coursedescriptions/quarter/undergrad/math/,2026-09-19T10:53:08.792782+00:00,True,True,True
MATH262,Differential Equations,MATH,262,"Covers solutions of first-order equations, undetermined coefficient and variation of parameter methods of solution of higher order linear equations, systems of equations, and Laplace transform. Problems from engineering and science will be solved using applications such as MATLAB during the lab.",3.0,MATH 261 [Min Grade: D],2026-2027,quarter,https://catalog.drexel.edu/coursedescriptions/quarter/undergrad/math/,2026-09-19T10:53:08.792803+00:00,True,True,True
MATH285,Differential Equations II,MATH,285,,3.0,MATH 210 [Min Grade: D],2026-2027,quarter,https://catalog.drexel.edu/coursedescriptions/quarter/undergrad/math/,2026-09-19T10:53:08.792826+00:00,False,True,True
MATH291,Complex and Vector Analysis for Engineers,MATH,291,"Complex and Vector Analysis for Engineers. Covers gradient, divergence, and curl; integral theorems curvilinear coordinates, complex differentiation and integration, Cauchy's Theorem, power series, residues and applications.",4.0,MATH 200 [Min Grade: D],2026-2027,quarter,https://catalog.drexel.edu/coursedescriptions/quarter/undergrad/math/,2026-09-19T10:53:08.792849+00:00,True,True,True
MATH300,Numerical Analysis I,MATH,300,"The course covers root finding and fixed points, polynomial interpolation, splines, numerical integration and numerical differentiation. The course emphasizes computational solutions.",4.0,MATH 200 [Min Grade: D] and (MATH 201 [Min Grade: D] or MATH 261 [Min Grade: D]) and (CS 171 [Min Grade: D] or CS 123 [Min Grade: D]),2026-2027,quarter,https://catalog.drexel.edu/coursedescriptions/quarter/undergrad/math/,2026-09-19T10:53:08.792870+00:00,True,True,True
MATH301,Numerical Analysis II,MATH,301,"A continuation of MATH 300 . This course covers numerical solutions of initial value problems for ordinary differential equations, boundary value problems, and data approximation including least squares fit and the Fast Fourier Transform.",3.0,MATH 300 [Min Grade: D],2026-2027,quarter,https://catalog.drexel.edu/coursedescriptions/quarter/undergrad/math/,2026-09-19T10:53:08.792891+00:00,True,True,True
MATH304,Numerical Linear Algebra,MATH,304,"This course covers the mathematics of numerical methods for solving problems in linear algebra. Topics include direct and iterative methods for solving linear systems, matrix factorizations, numerical methods for finding eigenvalues, singular value decomposition, and an introduction to methods for solving nonlinear systems.",3.0,MATH 201 [Min Grade: C-] and CS 171 [Min Grade: C-],2026-2027,quarter,https://catalog.drexel.edu/coursedescriptions/quarter/undergrad/math/,2026-09-19T10:53:08.792912+00:00,True,True,True
MATH305,Introduction to Optimization Theory,MATH,305,"Provides a broad survey of mathematical techniques in optimization theory used in operations research and management science. Includes topics selected from the following categories: linear programming, integer programming, network flows, and nonlinear programming.",4.0,MATH 201 [Min Grade: D] or MATH 261 [Min Grade: D],2026-2027,quarter,https://catalog.drexel.edu/coursedescriptions/quarter/undergrad/math/,2026-09-19T10:53:08.792934+00:00,True,True,True
MATH310,Probability and Statistics,MATH,310,"Not open to mathematics or computer science majors. Covers probability, probability distribution of discrete and continuous random variables, moment-generating functions, distribution of sample statistics, estimation and statistical tests, tests for goodness of fit, and regression analysis.",4.0,MATH 200 [Min Grade: D],2026-2027,quarter,https://catalog.drexel.edu/coursedescriptions/quarter/undergrad/math/,2026-09-19T10:53:08.792956+00:00,True,True,True
MATH311,Probability and Statistics I,MATH,311,"Discrete and continuous probability distributions, conditional probabilities, expected value and variance, joint probability distributions, discrete marginal distributions.",4.0,MATH 122 [Min Grade: D] Corequisite : EXAM 081,2026-2027,quarter,https://catalog.drexel.edu/coursedescriptions/quarter/undergrad/math/,2026-09-19T10:53:08.792978+00:00,True,True,True
MATH312,Probability and Statistics II,MATH,312,"This course covers joint & marginal distributions for continuous random variables, distributions of functions of random variables, moment-generating function technique, the central limit theorem. Estimation, consistency, unbiasedness, maximum likelihood, and simple linear regression.",4.0,MATH 200 [Min Grade: D] and (MATH 311 [Min Grade: D] or ENGR 361 [Min Grade: D]) Corequisite : EXAM 081,2026-2027,quarter,https://catalog.drexel.edu/coursedescriptions/quarter/undergrad/math/,2026-09-19T10:53:08.793001+00:00,True,True,True
MATH313,Probability and Statistics III,MATH,313,"This course covers confidence intervals, minimum variance unbiased estimation, hypothesis testing, type I and type II errors, likelihood ratio tests, tests for means and variances. Chi-square goodness-of-fit tests, categorical data analysis, and analysis of variance.",3.0,MATH 312 [Min Grade: D],2026-2027,quarter,https://catalog.drexel.edu/coursedescriptions/quarter/undergrad/math/,2026-09-19T10:53:08.793021+00:00,True,True,True
MATH316,Mathematical Applications of Symbolic Software,MATH,316,"Mathematical Applications of Symbolic Software. Topics from calculus are investigated via complex problems requiring the use of symbolic mathematical software, primarily Maple. Numerical, graphical, and algebraic approaches are integrated. Limits, derivatives, root-finding, integration, and infinite series are explored in this context.",3.0,MATH 123 [Min Grade: D] and MATH 200 [Min Grade: D],2026-2027,quarter,https://catalog.drexel.edu/coursedescriptions/quarter/undergrad/math/,2026-09-19T10:53:08.793042+00:00,True,True,True
MATH318,[WI] Mathematical Applications of Statistical Software,MATH,318,"Mathematical Applications of Statistical Software. Applications of modern statistical technologies and software, such as SAS, are used to describe and analyze data. Some topics covered are data management, collecting data, inferences for single and multiple population means, proportions count data, regression, correlation and nonparametric statistical methods.",3.0,MATH 310 [Min Grade: D] or MATH 312 [Min Grade: D],2026-2027,quarter,https://catalog.drexel.edu/coursedescriptions/quarter/undergrad/math/,2026-09-19T10:53:08.793063+00:00,True,True,True
MATH319,Techniques of Data Analysis,MATH,319,"An applied course that considers the acquisition, analysis, visualization, and presentation of data. Emphasizes computation.",4.0,MATH 318 [Min Grade: D],2026-2027,quarter,https://catalog.drexel.edu/coursedescriptions/quarter/undergrad/math/,2026-09-19T10:53:08.793086+00:00,True,True,True
MATH320,Actuarial Mathematics,MATH,320,"Covers probability in a risk management context. Univariate probability distribution including binomial, negative binomial, Poisson, uniform, exponential, normal, lognormal, Pareto, and Weibull distributions. Multivariate distributions including conditional and marginal probability distributions, joint moment generating functions, probability and moments for linear combinations of independent random variables and related topics.",3.0,MATH 311 [Min Grade: C-],2026-2027,quarter,https://catalog.drexel.edu/coursedescriptions/quarter/undergrad/math/,2026-09-19T10:53:08.793107+00:00,True,True,True
MATH321,Vector Calculus,MATH,321,"Covers vector algebra; gradient, divergence, curl, and curvilinear coordinates; Green's theorem, divergence theorem, and Stokes' theorem; and applications.",4.0,(MATH 201 [Min Grade: D] or MATH 261 [Min Grade: D]) and MATH 200 [Min Grade: D],2026-2027,quarter,https://catalog.drexel.edu/coursedescriptions/quarter/undergrad/math/,2026-09-19T10:53:08.793127+00:00,True,True,True
MATH322,Complex Variables,MATH,322,"Introduces functions of one complex variable. Topics include the basic properties of analytic functions, power series, integration, residues and poles, and conformal mapping with applications.",4.0,MATH 210 [Min Grade: D] or MATH 262 [Min Grade: D],2026-2027,quarter,https://catalog.drexel.edu/coursedescriptions/quarter/undergrad/math/,2026-09-19T10:53:08.793148+00:00,True,True,True
MATH323,Partial Differential Equations,MATH,323,Covers basic concepts and solution techniques for the standard partial differential equations of mathematical physics.,4.0,MATH 210 [Min Grade: D] or MATH 262 [Min Grade: D],2026-2027,quarter,https://catalog.drexel.edu/coursedescriptions/quarter/undergrad/math/,2026-09-19T10:53:08.793169+00:00,True,True,True
MATH331,Abstract Algebra I,MATH,331,"Covers theory of groups, homomorphism and isomorphism, theory of rings, integral domains, ideals, unique factorization, and theory of fields.",4.0,(MATH 220 [Min Grade: C-] or CS 270 [Min Grade: C-]) and (MATH 201 [Min Grade: D] or MATH 261 [Min Grade: D] or ENGR 231 [Min Grade: D]),2026-2027,quarter,https://catalog.drexel.edu/coursedescriptions/quarter/undergrad/math/,2026-09-19T10:53:08.793190+00:00,True,True,True
MATH332,Abstract Algebra II,MATH,332,"Covers further topics in abstract algebra, including canonical decomposition of linear transformation, bilinear forms, multilinear algebra and determinants, finite fields, and selected short subjects.",3.0,MATH 331 [Min Grade: C-],2026-2027,quarter,https://catalog.drexel.edu/coursedescriptions/quarter/undergrad/math/,2026-09-19T10:53:08.793211+00:00,True,True,True
MATH387,Linear Algebra II,MATH,387,"Covers linear transformations, including kernel and range; eigenvalues and eigenvectors; diagonalization of symmetric matrices; and application to differential equations, quadratic forms, and Markov chains. Fall.",3.0,MATH 261 [Min Grade: D] or MATH 201 [Min Grade: D],2026-2027,quarter,https://catalog.drexel.edu/coursedescriptions/quarter/undergrad/math/,2026-09-19T10:53:08.793232+00:00,True,True,True
MATH401,Elements of Modern Analysis I,MATH,401,"Covers the real number system, elementary topology, limits, infinite series, continuity, derivatives, and the Riemann integral.",3.0,(MATH 220 [Min Grade: C-] or CS 270 [Min Grade: C-]) and (MATH 201 [Min Grade: D] or MATH 261 [Min Grade: D] or ENGR 231 [Min Grade: D]) and MATH 200 [Min Grade: D],2026-2027,quarter,https://catalog.drexel.edu/coursedescriptions/quarter/undergrad/math/,2026-09-19T10:53:08.793253+00:00,True,True,True
MATH402,Elements of Modern Analysis II,MATH,402,"Covers continuation of integration theory, improper integrals, sequences and series, power series, and uniform convergence.",3.0,MATH 401 [Min Grade: C-],2026-2027,quarter,https://catalog.drexel.edu/coursedescriptions/quarter/undergrad/math/,2026-09-19T10:53:08.793274+00:00,True,True,True
MATH410,Scientific Data Analysis I,MATH,410,"Fundamental principles and applications of statistics for scientific data analysis. Topics include data exploration, principles of probability distributions, Central Limit Theorem, hypothesis testing, z, t and F tests, one-way analysis of variance, linear regression, and contingency table analysis. Programming statistical applications in R will be included.",3.0,MATH 122 [Min Grade: D] or MATH 239 [Min Grade: D],2026-2027,quarter,https://catalog.drexel.edu/coursedescriptions/quarter/undergrad/math/,2026-09-19T10:53:08.793294+00:00,True,True,True
MATH411,Scientific Data Analysis II,MATH,411,"Scientific data analysis and experimental design. Topics include multiple regression and model selection, nonlinear and logistic regression, analysis of covariance, multi-factor analysis of variance, nested, factorial and repeated measures experimental designs, random effects, and introduction to bootstrap methods and randomization tests. Programming statistical applications in R will be included.",3.0,MATH 410 [Min Grade: C-],2026-2027,quarter,https://catalog.drexel.edu/coursedescriptions/quarter/undergrad/math/,2026-09-19T10:53:08.793314+00:00,True,True,True
MATH422,Introduction to Topology,MATH,422,"Covers topological space, metric spaces, function, continuity, compactness, and connectedness.",4.0,MATH 220 [Min Grade: C],2026-2027,quarter,https://catalog.drexel.edu/coursedescriptions/quarter/undergrad/math/,2026-09-19T10:53:08.793335+00:00,True,True,True
MATH449,Mathematical Finance,MATH,449,"This course is an introduction to the mathematics of finance. The main topics include: fixed income mathematics (duration, convexity, compounding conventions, immunization of bond portfolios, yield curve stripping), foundations of the arbitrage theory (pricing of futures and forwards, swaps, put/call parity) and introduction to stochastic derivative pricing (Black-Scholes and beyond).",3.0,MATH 311 [Min Grade: D],2026-2027,quarter,https://catalog.drexel.edu/coursedescriptions/quarter/undergrad/math/,2026-09-19T10:53:08.793356+00:00,True,True,True
MATH450,Introduction to Graph Theory,MATH,450,"Introduction to Graph Theory. Topics covered include paths and cycles, Eulerian graphs, Hamiltonian graphs, trees, matching, coloring, planarity, and some additional topics in special graphs such as interval graphs.",3.0,(MATH 201 [Min Grade: D] or MATH 261 [Min Grade: D]) and (MATH 221 [Min Grade: D] or MATH 222 [Min Grade: D]),2026-2027,quarter,https://catalog.drexel.edu/coursedescriptions/quarter/undergrad/math/,2026-09-19T10:53:08.793376+00:00,True,True,True
MATH475,Cryptography,MATH,475,"Classic cryptosystems, elementary number theory, RSA, ElGamal, discrete logarithms, digital signatures, plus a special topic selected from elliptic curves, information theory, and quantum cryptography.",3.0,(MATH 201 [Min Grade: D] or MATH 261 [Min Grade: D]) and MATH 311 [Min Grade: D],2026-2027,quarter,https://catalog.drexel.edu/coursedescriptions/quarter/undergrad/math/,2026-09-19T10:53:08.793396+00:00,True,True,True
MATH483,Introduction  to Monte Carlo Methods,MATH,483,"Covers system simulation, Monte Carlo methods, discrete event modeling techniques, queuing models, programming considerations, statistical definitions and concepts, random number generation, output analysis, and design of computer experiments.",3.0,MATH 311 [Min Grade: C],2026-2027,quarter,https://catalog.drexel.edu/coursedescriptions/quarter/undergrad/math/,2026-09-19T10:53:08.793421+00:00,True,True,True
MATH489,Tensor Calculus,MATH,489,"Covers tensor algebra, including coordinate transformations, fundamental quadratic form, covariant and contravariant tensors, Riemannian metric, and applications.",3.0,(MATH 201 [Min Grade: C] or MATH 261 [Min Grade: C] or ENGR 231 [Min Grade: C]) and MATH 200 [Min Grade: C],2026-2027,quarter,https://catalog.drexel.edu/coursedescriptions/quarter/undergrad/math/,2026-09-19T10:53:08.793442+00:00,True,True,True
FIN150,Financial Literacy,FIN,150,"Financial literacy is designed to help students understand their personal financial lives. Students will be exposed to how to make everyday decisions (e.g., rent/buy a house or lease/own a car) as well as understand credit cards, student loans, consumer purchasing decisions, insurance, and other financial decisions.",4.0,,2026-2027,quarter,https://catalog.drexel.edu/coursedescriptions/quarter/undergrad/fin/,2026-09-19T10:53:10.017548+00:00,True,True,True
FIN301,Introduction to Finance,FIN,301,"Covers financial structure of a corporation, short-and long-term financial policies, sources and uses of capital funds, asset valuation, capital budgeting, and corporate growth.",4.0,ACCT 115 [Min Grade: D] or ACCT 110 [Min Grade: D] or ACCT 120 [Min Grade: D],2026-2027,quarter,https://catalog.drexel.edu/coursedescriptions/quarter/undergrad/fin/,2026-09-19T10:53:10.017589+00:00,True,True,True
FIN302,Intermediate Corporate Finance,FIN,302,"Provides an in-depth treatment of long-term financing decisions, including estimation of the cost of capital, financial leverage, dividend policy, and working capital analysis.",4.0,FIN 301 [Min Grade: C] and (STAT 201 [Min Grade: C] or STAT 205 [Min Grade: C]),2026-2027,quarter,https://catalog.drexel.edu/coursedescriptions/quarter/undergrad/fin/,2026-09-19T10:53:10.017613+00:00,True,True,True
FIN321,Investment Securities & Markets,FIN,321,"Covers stocks, bonds, other investment vehicles, and operation and regulation of the stock market.",4.0,FIN 301 [Min Grade: C] and (STAT 202 [Min Grade: C] or STAT 206 [Min Grade: C]),2026-2027,quarter,https://catalog.drexel.edu/coursedescriptions/quarter/undergrad/fin/,2026-09-19T10:53:10.017635+00:00,True,True,True
FIN323,Risk Management,FIN,323,"Provides a fundamental understanding of risk and return, modern portfolio theory, asset pricing models, performance evaluation, and the use of derivatives to hedge and manage risk.",4.0,FIN 321 [Min Grade: C] and (STAT 202 [Min Grade: C] or STAT 206 [Min Grade: C]),2026-2027,quarter,https://catalog.drexel.edu/coursedescriptions/quarter/undergrad/fin/,2026-09-19T10:53:10.017656+00:00,True,True,True
FIN325,Financial Institutions and Markets,FIN,325,Covers understanding of the financial system from the money-creation process to the functioning of the Federal Reserve System to the role and management of financial institutions.,4.0,FIN 301 [Min Grade: C] and (STAT 201 [Min Grade: C] or STAT 205 [Min Grade: C]),2026-2027,quarter,https://catalog.drexel.edu/coursedescriptions/quarter/undergrad/fin/,2026-09-19T10:53:10.017680+00:00,True,True,True
FIN330,Derivative Securities,FIN,330,The analysis and pricing of derivative securities including futures and options: applications to risk management and portfolio management.,4.0,FIN 323 [Min Grade: C],2026-2027,quarter,https://catalog.drexel.edu/coursedescriptions/quarter/undergrad/fin/,2026-09-19T10:53:10.017701+00:00,True,True,True
FIN332,Investment Analysis,FIN,332,"Introduces investment analysis, with particular emphasis on financial statement analysis.",4.0,FIN 321 [Min Grade: C],2026-2027,quarter,https://catalog.drexel.edu/coursedescriptions/quarter/undergrad/fin/,2026-09-19T10:53:10.017723+00:00,True,True,True
FIN335,Entrepreneurial Finance,FIN,335,"The purpose of the course is to bring financial management decision, tools and techniques typically applied in corporate contexts into the realm of entrepreneurship. This course presents the importance of understanding and applying entrepreneurial finance methods and tools to help ensure a successful venture.",4.0,FIN 301 [Min Grade: C],2026-2027,quarter,https://catalog.drexel.edu/coursedescriptions/quarter/undergrad/fin/,2026-09-19T10:53:10.017744+00:00,True,True,True
FIN339,Fintech,FIN,339,"This course examines the growing FinTech industry, which is short-hand for Financial Technology. FinTech is defined as the set of new technologies and innovations in the delivery of financial services. The course will compare these innovations to their more traditional counterparts considering both the benefits of these FinTech innovations, as well as their limitations.",4.0,FIN 301 [Min Grade: C],2026-2027,quarter,https://catalog.drexel.edu/coursedescriptions/quarter/undergrad/fin/,2026-09-19T10:53:10.017765+00:00,True,True,True
FIN340,Seminar in Finance,FIN,340,Covers current topics and selected cases in finance.,4.0,FIN 302 [Min Grade: C] and FIN 321 [Min Grade: C] and FIN 325 [Min Grade: C],2026-2027,quarter,https://catalog.drexel.edu/coursedescriptions/quarter/undergrad/fin/,2026-09-19T10:53:10.017787+00:00,True,True,True
FIN341,Applied Portfolio Management,FIN,341,"This course covers topics related to portfolio management. Students will learn how to analyze industries, select securities for inclusion in investment portfolios, and analyze portfolio performance. Students will participate in the management of a real investment portfolio for the duration of the course.",4.0,FIN 321 [Min Grade: C],2026-2027,quarter,https://catalog.drexel.edu/coursedescriptions/quarter/undergrad/fin/,2026-09-19T10:53:10.017807+00:00,True,True,True
FIN342,Advanced Portfolio Management,FIN,342,This course covers advanced topics related to portfolio management. Students will learn how to analyze industries and the investment potential of individual securities in depth. They will also learn advanced methods for analyzing portfolio performance and investment strategy. Students will participate in the management of a real investment portfolio for the duration of the course.,4.0,FIN 341 [Min Grade: C],2026-2027,quarter,https://catalog.drexel.edu/coursedescriptions/quarter/undergrad/fin/,2026-09-19T10:53:10.017829+00:00,True,True,True
FIN345,Mergers & Acquisitions,FIN,345,"The purpose of this course is to guide students to a better understanding of mergers (forming a new company by combining with another firm) and acquisitions (purchasing another firm) from the perspective of a corporation. Students will analyze the process in which one firm identifies potential other firms to take over and how to calculate the value of these firms. Further, student will be exposed to additional issues that arise when corporations undertake mergers and acquisitions.",4.0,FIN 301 [Min Grade: C] and FIN 302 [Min Grade: C] and FIN 321 [Min Grade: C],2026-2027,quarter,https://catalog.drexel.edu/coursedescriptions/quarter/undergrad/fin/,2026-09-19T10:53:10.017851+00:00,True,True,True
FIN346,Global Financial Management,FIN,346,"Examines the investment and financing strategies of multinational corporations. Covers topics including capital acquisition in the international environment, international investment borrowing, international corporate restructuring, currency swaps and recapitalizations, hedging techniques, and international risk-management instruments.",4.0,FIN 301 [Min Grade: C],2026-2027,quarter,https://catalog.drexel.edu/coursedescriptions/quarter/undergrad/fin/,2026-09-19T10:53:10.017876+00:00,True,True,True
FIN351,Financial Literacy,FIN,351,"Financial literacy is designed to educate students within the parameters of their personal financial goals and objectives, establishing a path into financial independence. Students will be exposed to how to make everyday decisions (e.g., rent versus buy a house or lease versus own a car) as well as understand credit cards, student loans, consumer purchasing decisions, insurance, and other financial decisions.",4.0,,2026-2027,quarter,https://catalog.drexel.edu/coursedescriptions/quarter/undergrad/fin/,2026-09-19T10:53:10.017897+00:00,True,True,True
FIN360,Private Equity,FIN,360,"This course covers the foundation, mechanics and strategies for Private Equity (PE) and Venture Capital transactions. Private equity is a form of intermediation that takes investors’ capital and deploys it directly in a portfolio of private companies. Once the investment is made, the PE firm takes an active role in managing and monitoring the company prior to “exiting” that is, selling the firm at a premium to maximize returns of the initial shareholders (investors). The course covers the operations and organization of a PE firm from the fund formation to exit. It describes in considerable details the steps required for a successful implementation ofsourcing,funding,evaluating/investing and exiting a deal. The course outlines how private equity fits into the architecture of the financial/investment world.",4.0,FIN 321 [Min Grade: C] and FIN 325 [Min Grade: C],2026-2027,quarter,https://catalog.drexel.edu/coursedescriptions/quarter/undergrad/fin/,2026-09-19T10:53:10.017920+00:00,True,True,True
FIN440,Credit Risk Analysis,FIN,440,"The course focuses on the firm’s credit worthiness. It is designed to allow students to experience the responsibilities of a credit analyst. Students will learn to interpret financial statements, identify a firm’s financial vulnerabilities and complete a full credit risk analysis. Upon course completion, students should be able to evaluate financial statements, determine the credit strength of the firm and answer the question “do you feel comfortable lending the company money.”.",4.0,FIN 301 [Min Grade: C] and FIN 302 [Min Grade: C] and FIN 321 [Min Grade: C] and FIN 325 [Min Grade: C],2026-2027,quarter,https://catalog.drexel.edu/coursedescriptions/quarter/undergrad/fin/,2026-09-19T10:53:10.017943+00:00,True,True,True
FIN450,Personal Wealth Management,FIN,450,"The focus of this course will be on the logic and principles underlying personal financial management as well as implementing tools and techniques for achieving sound financial goals. Topics include: investment decision analysis, consumer credit, tax planning, actuarial opportunities, financial investment strategies, and retirement planning.",4.0,FIN 302 [Min Grade: C] and FIN 321 [Min Grade: C],2026-2027,quarter,https://catalog.drexel.edu/coursedescriptions/quarter/undergrad/fin/,2026-09-19T10:53:10.017965+00:00,True,True,True
ECON201,Principles of Microeconomics,ECON,201,"What is produced in an economy? How is it produced? Who gets the product? When do markets succeed or fail? To answer these and many other fundamental questions related to the real-world behavior of consumers and firms, this course will teach you how to think like an economist. It will introduce you to economics and microeconomic theory with an emphasis on policy and empirical applications. You will develop skills, insights, and working knowledge of economics that are crucial for successful decisions by consumers, business executives, policymakers, entrepreneurs, and global leaders.",4.0,,2026-2027,quarter,https://catalog.drexel.edu/coursedescriptions/quarter/undergrad/econ/,2026-09-19T10:53:11.237406+00:00,True,True,True
ECON202,Principles of Macroeconomics,ECON,202,"Examines measurement, growth, and fluctuation of aggregate economic activity. Includes national income accounting and explains determination of output, employment, and price level. Also provides an introduction to international economics, money and banking, and economic policy. Some or all pre-requisites may be taken as either a pre-requisite or co-requisite. Please see the department for more information.",4.0,ECON 201 [Min Grade: D] (Can be taken Concurrently),2026-2027,quarter,https://catalog.drexel.edu/coursedescriptions/quarter/undergrad/econ/,2026-09-19T10:53:11.237449+00:00,True,True,True
ECON203,[WI] Survey of Economic Policy,ECON,203,"This course will introduce students to the application of economic principles for a variety of policy-relevant topics covered in more advanced economics classes. Examples of applications may include the analysis of financial and economic crises, mergers, free trade agreements, social security, and unemployment.",4.0,ECON 202 [Min Grade: D] (Can be taken Concurrently) and ECON 201 [Min Grade: D],2026-2027,quarter,https://catalog.drexel.edu/coursedescriptions/quarter/undergrad/econ/,2026-09-19T10:53:11.237474+00:00,True,True,True
ECON240,Economics of Health Care Systems,ECON,240,"Examine the health care industry from an economic perspective, including demand, cost-benefit analysis, insurance, supply constraints, and the role of the government.",4.0,,2026-2027,quarter,https://catalog.drexel.edu/coursedescriptions/quarter/undergrad/econ/,2026-09-19T10:53:11.237496+00:00,True,True,True
ECON248,Mathematical Models in Economics,ECON,248,"The purpose of the Mathematical Models in Economics course is to cover basic calculus optimization as applied in economics contexts to prepare students for intermediate level economics courses. While the main tools for the course are obviously math tools, they are math used in business and economic analysis, modeling, and research. The course will go over applications of unconstrained and constrained optimization to microeconomics, macroeconomics, and econometrics and make the connections between the tools we cover and their uses. That will also include both single and multi-variate calculus applications and the conditions for optimality. Economic interpretation of the math is more important than the math itself and the real focus of the course.",2.0,(MATH 102 [Min Grade: C] or MATH 117 [Min Grade: C] or MATH 121 [Min Grade: C]) and ECON 201 [Min Grade: C],2026-2027,quarter,https://catalog.drexel.edu/coursedescriptions/quarter/undergrad/econ/,2026-09-19T10:53:11.237519+00:00,True,True,True
ECON250,Game Theory and Applications,ECON,250,"Introduces the basic ideas of game theory with a minimum of mathematics; and discuses application to economics, politics, business, behavioral science, philosophy, population biology and engineering.",4.0,STAT 201 [Min Grade: C] or STAT 205 [Min Grade: C] or MATH 107 [Min Grade: C] or MATH 310 [Min Grade: C] or MATH 311 [Min Grade: C],2026-2027,quarter,https://catalog.drexel.edu/coursedescriptions/quarter/undergrad/econ/,2026-09-19T10:53:11.237542+00:00,True,True,True
ECON260,Economics of Small Business,ECON,260,"Discusses economic topics relevant to the role and varieties of small businesses in industrialized economies, and to government policy with respect to small business.",4.0,ECON 201 [Min Grade: C],2026-2027,quarter,https://catalog.drexel.edu/coursedescriptions/quarter/undergrad/econ/,2026-09-19T10:53:11.237564+00:00,True,True,True
ECON270,Using Big Data to Solve Economic and Social Problems,ECON,270,"This course shows how big data can be used to understand and address some of the most important social and economic problems of our time. The course introduces students to research questions and policy applications in economics and social science in a non-technical manner that does not require prior coursework in economics or statistics, making it suitable both for students exploring economics for the first time as well as for more advanced students. The course will cover topics such as equality of opportunity, education, innovation and entrepreneurship, health care, climate change, tax policy, globalization, and the COVID-19 pandemic. In the context of these topics, the course will also introduce the basics of data science, including regression, causal inference, and machine learning.",4.0,,2026-2027,quarter,https://catalog.drexel.edu/coursedescriptions/quarter/undergrad/econ/,2026-09-19T10:53:11.237586+00:00,True,True,True
ECON301,Microeconomics,ECON,301,"Examines theory of the firm and theory of the consumer in a rigorous fashion. Also covers risk and uncertainty, price determination, market failures, and analysis of various government policies.",4.0,ECON 201 [Min Grade: C] and ECON 202 [Min Grade: C] and (MATH 102 [Min Grade: C] or MATH 117 [Min Grade: C] or MATH 121 [Min Grade: C]),2026-2027,quarter,https://catalog.drexel.edu/coursedescriptions/quarter/undergrad/econ/,2026-09-19T10:53:11.237609+00:00,True,True,True
ECON321,Macroeconomics,ECON,321,"Provides an in-depth introduction to dominant theories behind short-run economic fluctuations and long-run economic growth. Employs both mathematical and graphical tools to discuss determination of output, employment, and price level in the aggregate economy. Also covers effectiveness of monetary and fiscal policies in dealing with unemployment and inflation.",4.0,ECON 201 [Min Grade: C] and ECON 202 [Min Grade: C] and ECON 301 [Min Grade: C] and (MATH 102 [Min Grade: C] or MATH 117 [Min Grade: C] or MATH 121 [Min Grade: C]),2026-2027,quarter,https://catalog.drexel.edu/coursedescriptions/quarter/undergrad/econ/,2026-09-19T10:53:11.237631+00:00,True,True,True
ECON322,[WI] Economics Seminar,ECON,322,Requires research and writing of a scholarly paper on a topic in economics approved by an appointed faculty adviser.,4.0,ECON 301 [Min Grade: C] and ECON 321 [Min Grade: C],2026-2027,quarter,https://catalog.drexel.edu/coursedescriptions/quarter/undergrad/econ/,2026-09-19T10:53:11.237653+00:00,True,True,True
ECON324,Economics of Happiness,ECON,324,"This course will discuss applications of survey studies of subjective well-being or “happiness” to economics and public policy, with some of the philosophic issues that arise from this.",4.0,ECON 201 [Min Grade: D] and ECON 202 [Min Grade: D],2026-2027,quarter,https://catalog.drexel.edu/coursedescriptions/quarter/undergrad/econ/,2026-09-19T10:53:11.237682+00:00,True,True,True
ECON326,[WI] Economic Ideas,ECON,326,Covers the history of economic thought and development of different schools of thinking in economics.,4.0,ECON 201 [Min Grade: C] and ECON 202 [Min Grade: C],2026-2027,quarter,https://catalog.drexel.edu/coursedescriptions/quarter/undergrad/econ/,2026-09-19T10:53:11.237707+00:00,True,True,True
ECON330,Managerial Economics,ECON,330,"Covers applied economics relevant for decision-making processes. Emphasizes profit management, demand and cost analysis, pricing, and government policy.",4.0,ECON 201 [Min Grade: C],2026-2027,quarter,https://catalog.drexel.edu/coursedescriptions/quarter/undergrad/econ/,2026-09-19T10:53:11.237729+00:00,True,True,True
ECON331,International Macroeconomics,ECON,331,"This course covers fundamental issues in open economy macroeconomics. We will learn about how fiscal and monetary policy work when the economy is open to international trade in goods and services and to international capital flows. We will also study the effects of these policies on the current account and the exchange rate. The course treatment will be mainly theoretical. However, we will frequently refer to features of the international financial markets data, and we will use examples, case studies, readings, videos and policy applications to illustrate the findings of the theory and/or to try to bridge the gap between the predictions of theoretical models and real world developments.",4.0,ECON 201 [Min Grade: C] and ECON 202 [Min Grade: C],2026-2027,quarter,https://catalog.drexel.edu/coursedescriptions/quarter/undergrad/econ/,2026-09-19T10:53:11.237751+00:00,True,True,True
ECON334,Public Finance,ECON,334,"This course explores the role of government in the economy. Students will analyze the rationales for government policies as well as their implications for equity and efficiency. Much of the course will center on current policy issues related to the national debt, Social Security, education, environmental protection and taxation. Both theoretical applications and empirical findings will be discussed.",4.0,ECON 201 [Min Grade: C] and (MATH 102 [Min Grade: C] or MATH 117 [Min Grade: C] or MATH 121 [Min Grade: C]),2026-2027,quarter,https://catalog.drexel.edu/coursedescriptions/quarter/undergrad/econ/,2026-09-19T10:53:11.237772+00:00,True,True,True
ECON336,Labor Economics,ECON,336,"Develops an understanding of how labor institutions operate to determine wages and employment. Examines alternative policy questions involving unemployment and inflation, collective bargaining, investment in education and training, and other labor-related questions. Requires students to apply theoretical and empirical abilities to research a labor-related issue and improve the ability to think clearly and communicate effectively.",4.0,ECON 201 [Min Grade: C],2026-2027,quarter,https://catalog.drexel.edu/coursedescriptions/quarter/undergrad/econ/,2026-09-19T10:53:11.237794+00:00,True,True,True
ECON338,Industrial Organization,ECON,338,"Examines observational studies of industries with respect to competitive or non-competitive structure, conduct, and performance. Considers implications of profitability, technological innovation, antitrust policy, and competitiveness in trade. Reviews problems of measurement and sources of data.",4.0,ECON 301 [Min Grade: C] and (ECON 248 [Min Grade: B] or MATH 121 [Min Grade: C]),2026-2027,quarter,https://catalog.drexel.edu/coursedescriptions/quarter/undergrad/econ/,2026-09-19T10:53:11.237821+00:00,True,True,True
ECON342,Economic Development,ECON,342,"Covers topics including driving forces of economic growth, economic planning, income distribution and poverty, labor migration, capital markets and saving, international debt problems and global economic crisis. Emphasizes underlying theories and realities of economic growth and development of less developed economies and emerging economies.",4.0,ECON 201 [Min Grade: C] and ECON 202 [Min Grade: C],2026-2027,quarter,https://catalog.drexel.edu/coursedescriptions/quarter/undergrad/econ/,2026-09-19T10:53:11.237843+00:00,True,True,True
ECON344,Comparative Economic Systems,ECON,344,"Covers theory and contemporary practices of capitalism, socialism, fascism, and the welfare state as economic systems.",4.0,ECON 201 [Min Grade: C] and ECON 202 [Min Grade: C],2026-2027,quarter,https://catalog.drexel.edu/coursedescriptions/quarter/undergrad/econ/,2026-09-19T10:53:11.237868+00:00,True,True,True
ECON348,Mathematical Economics,ECON,348,"Discusses the application of mathematics in economic models, with extensive discussion of economic applications of linear algebra and calculus. Considers implications of the assumptions of maximization of profits and utility. Stresses mathematical models and techniques useful in statistical applications of economics.",4.0,ECON 201 [Min Grade: C] and (MATH 102 [Min Grade: C] or MATH 117 [Min Grade: C] or MATH 121 [Min Grade: C]),2026-2027,quarter,https://catalog.drexel.edu/coursedescriptions/quarter/undergrad/econ/,2026-09-19T10:53:11.237893+00:00,True,True,True
ECON350,[WI] Applied Econometrics,ECON,350,"Applies statistics to economics, with emphasis on the special problems of statistical analysis of economic data, sources of data, and examples of applications and models. Covers forecasting the impacts of changing economic policy and of developments in industrial markets using economic-statistical models.",4.0,ECON 201 [Min Grade: C] and ECON 202 [Min Grade: C] and (STAT 201 [Min Grade: C] or MATH 311 [Min Grade: C]),2026-2027,quarter,https://catalog.drexel.edu/coursedescriptions/quarter/undergrad/econ/,2026-09-19T10:53:11.237915+00:00,True,True,True
ECON351,Resource and Environmental Economics,ECON,351,"Examines the microeconomic and quantitative aspects of markets for both renewable and exhaustible resources, and the interaction between the energy and resource sectors of the economy and between the productive sectors of the economy and the natural environment, with evaluation of major public policy initiatives and issues in these areas.",4.0,ECON 201 [Min Grade: C],2026-2027,quarter,https://catalog.drexel.edu/coursedescriptions/quarter/undergrad/econ/,2026-09-19T10:53:11.237938+00:00,True,True,True
ECON354,Money and Banking,ECON,354,"This is a course about the role of money and financial intermediation in modern economies and therefore the environment in which businesses operate. The course is organized around three sets of questions. First, what is money and why is it necessary? How can seemingly worthless paper serve a key purpose in a market economy? Second, what is the role of banks, both historically and in the more complex financial system of today? What are the origins of banking panics such as those experienced at the onset of the Great Depression or during the 2007-08 financial crisis? Third, how do central banks conduct monetary policy and what types of policies should the Federal Reserve and other government agencies follow to prevent financial crises?.",4.0,ECON 321 [Min Grade: C] or FIN 325 [Min Grade: C],2026-2027,quarter,https://catalog.drexel.edu/coursedescriptions/quarter/undergrad/econ/,2026-09-19T10:53:11.237960+00:00,True,True,True
ECON360,Time Series Econometrics,ECON,360,"Introduce time-series econometric models and provide tools for empirical analysis using time-series economic and financial data, with specific emphasis on application and forecasting.",4.0,ECON 201 [Min Grade: D] and ECON 202 [Min Grade: D] and ECON 350 [Min Grade: D],2026-2027,quarter,https://catalog.drexel.edu/coursedescriptions/quarter/undergrad/econ/,2026-09-19T10:53:11.237981+00:00,True,True,True
ECON361,Health Economics,ECON,361,"This course covers the economics of health and health care. Students will study how health is produced, how health insurance markets work, the government role in health care, cost benefit analysis, and the markets for medical education, pharmaceuticals and physician and hospital services. Students will learn to analyze health systems on grounds of efficiency and equity, and to assess the credibility of research in health economics and health policy. This course should be of interest to students who are interested in public policy issues surrounding health, health care, health in developing nations and health care reform.",4.0,ECON 201 [Min Grade: C],2026-2027,quarter,https://catalog.drexel.edu/coursedescriptions/quarter/undergrad/econ/,2026-09-19T10:53:11.238002+00:00,True,True,True
ECON365,Behavioral Economics,ECON,365,"This course provides a systematic introduction to behavioral economics, the field aimed at modeling and understanding how individuals make decisions based on psychological and experimental evidence. The course will introduce the main behavioral patterns underlying some of the most important areas of economic decision making. Examples include consumption and saving decisions, choice under risk, as well as social and strategic interactions. Students will also learn the models that try to explain these behaviors and their applications to policy making.",4.0,ECON 201 [Min Grade: C],2026-2027,quarter,https://catalog.drexel.edu/coursedescriptions/quarter/undergrad/econ/,2026-09-19T10:53:11.238023+00:00,True,True,True
ECON366,Topics in Behavioral Economics,ECON,366,"This course covers important topics in behavioral economics, the field aimed at modeling and understanding how individuals make decisions based on psychological and experimental evidence. The course focuses on behavioral insights about social and strategic interaction, behavioral industrial organization, behavioral economic policy and experimental economics. The course will also introduce students to empirical analysis of choice data and to the design and implementation of experiments.",4.0,ECON 201 [Min Grade: C] and ECON 202 [Min Grade: C],2026-2027,quarter,https://catalog.drexel.edu/coursedescriptions/quarter/undergrad/econ/,2026-09-19T10:53:11.238045+00:00,True,True,True
ECON370,Experiments and Causality in Economics,ECON,370,"This course covers state-of-the-art statistical techniques for identifying causal effects. Students will study these techniques by applying them to data used in published papers from a variety of fields in economics and social science (e.g. health, labor, environment, business, taxation).",4.0,(STAT 201 [Min Grade: C] or MATH 311 [Min Grade: C]) and ECON 350 [Min Grade: C],2026-2027,quarter,https://catalog.drexel.edu/coursedescriptions/quarter/undergrad/econ/,2026-09-19T10:53:11.238067+00:00,True,True,True
ECON380,Economic Crises: The American Experience,ECON,380,"This class examines the economic and political events of the U.S. in the 19th, 20th and early 21st centuries. The course combines economics, politics, and history to get a wide (but by no means comprehensive) view of the issues, politics, and events that have shaped the course of the US economy for the last 100+ years. Special attention will be given to economic panics and crises and how financial markets respond to calamity, including what gave rise to panics and crises, and their aftermath, along with a study of how they shaped future institutions, regulations, and policy.",4.0,ECON 201 [Min Grade: C] and ECON 202 [Min Grade: C],2026-2027,quarter,https://catalog.drexel.edu/coursedescriptions/quarter/undergrad/econ/,2026-09-19T10:53:11.238089+00:00,True,True,True
BUSN101,Foundations of Business I,BUSN,101,"Introduces the fundamental structures and functions of business organizations and the opportunities for career advancement within such organizations. Develops relevant business skills for professional success, emphasizing teams, communication, and real-world examples.",4.0,,2026-2027,quarter,https://catalog.drexel.edu/coursedescriptions/quarter/undergrad/busn/,2026-09-19T10:53:12.425386+00:00,True,True,True
BUSN102,Foundations of Business II,BUSN,102,"Exposes students to the external environments (local, national, and international) within which business organizations operate. Continues to build on important managerial and communication issues.",4.0,BUSN 101 [Min Grade: D],2026-2027,quarter,https://catalog.drexel.edu/coursedescriptions/quarter/undergrad/busn/,2026-09-19T10:53:12.425423+00:00,True,True,True
BUSN105,Applied Business Analysis,BUSN,105,"This course is an introductory course in using spreadsheets as a tool to solve business problems. Through a series of hands-on exercises, the student will create, edit, and format worksheets while addressing problems in each of the functional areas including: marketing, accounting, finance, sports management. Topics include: creating, saving, retrieving, formatting, editing, printing, creating formulas, using functions, naming cells and ranges, creating tables, creating charts, defining range names, validating data, sorting and filtering data, maintaining file organization, and using templates. Each week, students will apply their knowledge of spreadsheets to explore business frameworks and approaches which will aid them in their co-op’s and higher-level coursework.",3.0,,2026-2027,quarter,https://catalog.drexel.edu/coursedescriptions/quarter/undergrad/busn/,2026-09-19T10:53:12.425447+00:00,True,True,True
BUSN111,Foundations for Business,BUSN,111,"Provides an integrated foundation for future business courses. Orients transfer and evening students to the main disciplines and functions of business, in both the internal and external environments; enables hands-on analysis of information and decision-making in a competitive arena; and provides an opportunity to develop teamwork and to enhance communication, presentation, and other management skills. This course cannot be used as part of your degree requirements if you were enrolled in the BUSN 101 Foundations of Business I and BUSN 102 Foundations of Business II sequence.",4.0,,2026-2027,quarter,https://catalog.drexel.edu/coursedescriptions/quarter/undergrad/busn/,2026-09-19T10:53:12.425473+00:00,True,True,True
BUSN211,Peer Mentoring & Leadership Practicum,BUSN,211,This course is designed to highlight and develop mentoring and leadership skills required to guide and assist incoming freshmen in their transition to college. Students will develop critical thinking as it relates to leadership and the integration of those skills. The course is experiential in nature as students will immediately look to apply knowledge gained within the course.,2.0,UNIV B101 [Min Grade: B],2026-2027,quarter,https://catalog.drexel.edu/coursedescriptions/quarter/undergrad/busn/,2026-09-19T10:53:12.425498+00:00,True,True,True
BUSN350,Thinking (A)Broad - An Intensive Course Abroad in Business,BUSN,350,"This course will provide students with a one-week global experience as an intensive course abroad (ICA). It will be combined with a pre-term or post-term program instruction during the term offered. Course themes will vary depending upon the location and topic of focus, as well as with any partnering institutions, universities or companies. Faculty approval is required and students must apply through the Drexel Education Abroad website. There will be a program fee for the travel portion of the course. This course can be taken as an Honors option with departmental approval. Examples include Global Projects and Teams in Germany, Global Sustainable Leadership in the UK, and Global Project Leadership in The Netherlands.",4.0,(BUSN 101 [Min Grade: D] and BUSN 102 [Min Grade: D]) or BUSN 111 [Min Grade: D],2026-2027,quarter,https://catalog.drexel.edu/coursedescriptions/quarter/undergrad/busn/,2026-09-19T10:53:12.425524+00:00,True,True,True
BUSN370,Healthcare Value Creation,BUSN,370,"This course presents the principles and dynamics of the U.S. healthcare industry through the business lens of industry, patients, providers, healthcare facilities and technology. The class will be using key readings, case studies, guest speakers, and didactic lectures. Students will analyze the institutional, social, economic/financial and political forces in the field of healthcare and modern healthcare. This course introduces an overview to the healthcare stakeholders in a variety of settings, Students will also examine current trends in modern healthcare delivery. All students in all disciplines have the ability to add to the dynamic classroom discussions and debates.",4.0,,2026-2027,quarter,https://catalog.drexel.edu/coursedescriptions/quarter/undergrad/busn/,2026-09-19T10:53:12.425704+00:00,True,True,True
BUSN430,Mentoring & Leadership Development Practicum,BUSN,430,"The role of the Peer Mentor is one of a role-model, tutor and trusted colleague. This course is designed to teach mentoring skills required by Teaching Assistants in BUSN 101 and for early career managers.",2.0,FIN 301 [Min Grade: B] and ACCT 115 [Min Grade: B] and ACCT 116 [Min Grade: B],2026-2027,quarter,https://catalog.drexel.edu/coursedescriptions/quarter/undergrad/busn/,2026-09-19T10:53:12.425736+00:00,True,True,True
BUSN431,Mentoring & Leadership Development Practicum,BUSN,431,"The role of the peer mentor is one of a role model, tutor and trusted colleague. This course is designed to teach mentoring skills required by Teaching Assistants in BUSN 102 and for early career managers.",2.0,FIN 301 [Min Grade: B] and ACCT 115 [Min Grade: B] and ACCT 116 [Min Grade: B],2026-2027,quarter,https://catalog.drexel.edu/coursedescriptions/quarter/undergrad/busn/,2026-09-19T10:53:12.425762+00:00,True,True,True
LAW101,Law & Society,LAW,101,"This course analyzes “law in action”: how law works in the everyday lives of individuals and institutions by exploring the complex place of law and legal institutions in the United States. We will examine official legal institutions (such as courts and legislatures) and actors (including police, lawyers, judges) as well as the individuals whose lives are affected by law — those of us who come in contact with law as plaintiffs, witnesses, victims, or defendants. We will address the role that law plays in organizing contemporary life, including its influences on social and political interactions, how law constructs and responds to differences, and mediates, remedies, and reinforces unequal access to power.",4.0,,2026-2027,quarter,https://catalog.drexel.edu/coursedescriptions/quarter/undergrad/law/,2026-09-19T10:53:13.617700+00:00,True,True,True
LAW102,Law Lab,LAW,102,"This course provides opportunities for students to see how law operates in a variety of settings, from prisons to boutique law firms. Class meetings will include trips to museums, courtrooms, and legislatures, guest lectures by legal professionals, and other hands-on, experiential learning activities.",2.0,,2026-2027,quarter,https://catalog.drexel.edu/coursedescriptions/quarter/undergrad/law/,2026-09-19T10:53:13.617737+00:00,True,True,True
LAW110,American Legal Systems,LAW,110,"This course provides a comprehensive introduction to the American legal system and exposes students to the multiple forms of lawmaking and sources of legal and regulatory power present in America today. Students will learn to differentiate between common law created by judges, statutes and laws created by the legislature, and regulations promulgated by executive agencies. The class will explore the relationship between federal and state law, the role of federalism and the legal underpinnings of the checks and balances system that aims to keep equilibrium between the judicial, legislative, and executive branches. The course will also examine the American system of litigation and the structure of the court system, the jurisdiction of federal and state courts, and the litigation process.",4.0,,2026-2027,quarter,https://catalog.drexel.edu/coursedescriptions/quarter/undergrad/law/,2026-09-19T10:53:13.617760+00:00,True,True,True
LAW135,Foundations of Legal Research,LAW,135,"The course offers a hands-on, skills-based approach to help students learn to conduct research on legal topics efficiently and effectively. The course will introduce students to electronic resources available through Drexel and the web, including databases of primary materials (including state and federal laws, administrative regulations, and judicial opinions) and secondary sources (especially scholarly and news materials) commonly used in legal research.",2.0,,2026-2027,quarter,https://catalog.drexel.edu/coursedescriptions/quarter/undergrad/law/,2026-09-19T10:53:13.617782+00:00,True,True,True
LAW201,The Role of the Common Law in the American Legal System,LAW,201,"This class introduces students to the concept of common-law lawmaking, with focus on the areas of contract, tort (personal injury) and property. It will also address the history of how the common law developed from English law and provide a brief comparison to civil law systems used in other countries.",4.0,,2026-2027,quarter,https://catalog.drexel.edu/coursedescriptions/quarter/undergrad/law/,2026-09-19T10:53:13.617806+00:00,True,True,True
LAW202,Law Lab II,LAW,202,"The purpose of Law Lab is to help students understand law as a complex, dynamic system. This course will help students deepen their knowledge of and proficiency in addressing legal problems. Working alongside legal professionals, students will develop competence in different skills useful in law-related careers.",2.0,,2026-2027,quarter,https://catalog.drexel.edu/coursedescriptions/quarter/undergrad/law/,2026-09-19T10:53:13.617829+00:00,True,True,True
LAW210,Public Law: Legislation and Regulation,LAW,210,"This course is intended to introduce the student to lawmaking through statutes and agency regulation in the modern regulatory state. The course will analyze how statutes are created and passed and provide students with an introduction to statutory interpretation. It will also introduce students to the administrative state, describing the relationship between administrative agencies and other branches of government and discussing the creation and enforcement of regulation.",4.0,,2026-2027,quarter,https://catalog.drexel.edu/coursedescriptions/quarter/undergrad/law/,2026-09-19T10:53:13.617852+00:00,True,True,True
LAW211,Public Law II,LAW,211,"This course introduces students to foundational concepts in public law, such as the types of conflicts courts can adjudicate, how individuals and groups gain access to courts, identifying state actors, and the role of due process in legal proceedings.",4.0,,2026-2027,quarter,https://catalog.drexel.edu/coursedescriptions/quarter/undergrad/law/,2026-09-19T10:53:13.617879+00:00,True,True,True
LAW215,Law & Religion in America Today,LAW,215,"Despite the official separation of church and state, religious questions often arise and need to be adjudicated in secular courts. This course explores which rights are protected by the Constitution’s free exercise clause and examines the boundaries of religion and religious protections in a secular context. Specifically, the course examines the ways in which secular American courts handle issues that arise in communities that follow religious law but also use the civil courts to settle their disputes. Students will study the ways in which secular courts must decide questions from marriage and divorce to raising children and custody issues in a wide variety of faith communities and how those courts incorporate or distance themselves from the religious frameworks in which those disputes arise.",4.0,,2026-2027,quarter,https://catalog.drexel.edu/coursedescriptions/quarter/undergrad/law/,2026-09-19T10:53:13.617901+00:00,True,True,True
LAW216,Regulating Families,LAW,216,"The course provides an introduction to the law and legal rights of family members. It explores family law issues such as how laws regulate marriage, divorce, and child custody. Students will be introduced to proceedings in family court as well as out-of-court alternatives for resolution of disputes.",4.0,,2026-2027,quarter,https://catalog.drexel.edu/coursedescriptions/quarter/undergrad/law/,2026-09-19T10:53:13.617921+00:00,True,True,True
LAW217,"Sex, Gender, Sexuality & the Law",LAW,217,"This course examines US law, court decisions, and current controversies related to the rights—and the denial of rights—of people in the US based on sex, sexual conduct, sexual orientation, and gender identity and expression.",4.0,,2026-2027,quarter,https://catalog.drexel.edu/coursedescriptions/quarter/undergrad/law/,2026-09-19T10:53:13.617943+00:00,True,True,True
LAW230,Introduction to Trial Skills,LAW,230,"This course will introduce students to skills needed to be effective advocates in the courtroom. Students will learn how to craft a trial theory with an emphasis on the storytelling aspect of a trial. Students will practice all stages of a trial and be introduced to evidence, objections, and arguing motions. Students will be required to present regularly to develop their skills.",4.0,,2026-2027,quarter,https://catalog.drexel.edu/coursedescriptions/quarter/undergrad/law/,2026-09-19T10:53:13.617964+00:00,True,True,True
LAW260,Tenants' Rights and Organizing,LAW,260,"Housing is a basic human need that affects mental and physical health, education and employment opportunities, and access to resources, but our laws often treat it as a commodity and an instrument of exclusion. This course will provide an introduction to the laws, policies, and politics that directly affect low-income tenants in Philadelphia. We will examine, among other things, evictions and other forms of displacement, the government systems and officals that create and enforce - or fail to enforce - the laws, and how Philadelphia tentants are organizing for change.",4.0,,2026-2027,quarter,https://catalog.drexel.edu/coursedescriptions/quarter/undergrad/law/,2026-09-19T10:53:13.617989+00:00,True,True,True
LAW301,[WI] Legal Reasoning,LAW,301,"This class introduces students to the study of legal reasoning, including topics such as: the basic forms of argument, reasoning and inference typically found in legal materials; the nature of precedent and the relationship of normative arguments in law to conceptions of justice.",4.0,,2026-2027,quarter,https://catalog.drexel.edu/coursedescriptions/quarter/undergrad/law/,2026-09-19T10:53:13.618032+00:00,True,True,True
LAW304,Comparative Legal Institutions,LAW,304,"This course complements students’ study of US law by expanding their understanding of international legal systems, institutions, and individual and group rights. Students will learn about judicial institutions in various nations and examine how similar issues are handled in countries with different legal structures and guarantees.",4.0,LAW 110 [Min Grade: D] and PSCI 220 [Min Grade: D],2026-2027,quarter,https://catalog.drexel.edu/coursedescriptions/quarter/undergrad/law/,2026-09-19T10:53:13.618056+00:00,True,True,True
LAW305,"Mediation, Arbitration, and the Law of Alternate Dispute Resolution",LAW,305,"This course explores the theory, practice and law of mediation and arbitration, with an emphasis on the roles that both non-lawyers and lawyers play in these processes. The course will include simulated mediations and arbitrations to foster a deeper understanding of the material and to develop skills in resolving disputes without litigation.",4.0,,2026-2027,quarter,https://catalog.drexel.edu/coursedescriptions/quarter/undergrad/law/,2026-09-19T10:53:13.618077+00:00,True,True,True
LAW310,Environmental Law,LAW,310,"This course focuses on how legal institutions have been used to respond to environmental problems. It provides a basic introduction to federal environmental laws relevant to air and water pollution, hazardous and solid waste and endangered species.",4.0,LAW 201 [Min Grade: C] and LAW 210 [Min Grade: C],2026-2027,quarter,https://catalog.drexel.edu/coursedescriptions/quarter/undergrad/law/,2026-09-19T10:53:13.618104+00:00,True,True,True
LAW312,Immigration Law,LAW,312,"This course examines how the U.S. immigration system makes legal determinations about who is permitted to enter the United States, and who is forced to leave. Readings focus on statutes, court cases, and administrative regulations to understand how immigration law functions in theory and in practice.",4.0,,2026-2027,quarter,https://catalog.drexel.edu/coursedescriptions/quarter/undergrad/law/,2026-09-19T10:53:13.618125+00:00,True,True,True
LAW315,"Power, Professionalism, & the Law",LAW,315,"This course offers a critical perspective on the history, current status, and practices of the legal profession. It examines the roles attorneys and other professionals working in legal settings play in relation to clients, colleagues, and each other.",4.0,,2026-2027,quarter,https://catalog.drexel.edu/coursedescriptions/quarter/undergrad/law/,2026-09-19T10:53:13.618145+00:00,True,True,True
LAW320,Intro to Tax Theory and Policy,LAW,320,"This course will provide an introduction to the study of tax theory and policy. The course will begin by examining the economic and political factors that shape the design of tax systems - in short, students will look at why taxes exist and what they do. The course will then discuss the major types of taxes and their economic effects, examples include the income tax, consumption tax, and the property tax. Throughout the course, students will explore the trade-offs involved in tax policy and consider how to evaluate the fairness and efficiency of different tax systems and choices. This course is not intended for Lebow College of Business students, unless student has a dual major in Law or a Law minor.",4.0,,2026-2027,quarter,https://catalog.drexel.edu/coursedescriptions/quarter/undergrad/law/,2026-09-19T10:53:13.618166+00:00,True,True,True
LAW330,Rules of Evidence,LAW,330,"Students will develop a working understanding of the most commonly used federal rules of evidence. At the end of this course, students will be able to identify common evidentiary issues and argue for the admissibility or inadmissibility of evidence under the rules of evidence covered in class.",4.0,LAW 230 [Min Grade: D],2026-2027,quarter,https://catalog.drexel.edu/coursedescriptions/quarter/undergrad/law/,2026-09-19T10:53:13.618187+00:00,True,True,True
LAW340,Regulating the Commons,LAW,340,This course focuses on the notion of the commons and how commonly owned resources should be regulated. It focuses on environmental regulation as the paradigm of commons regulation before turning to the notion of regulating the “cybercommons”.,4.0,LAW 101 [Min Grade: C] and LAW 201 [Min Grade: C] and LAW 210 [Min Grade: C] and LAW 211 [Min Grade: C],2026-2027,quarter,https://catalog.drexel.edu/coursedescriptions/quarter/undergrad/law/,2026-09-19T10:53:13.618209+00:00,True,True,True
LAW360,Advanced Trial Skills,LAW,360,"This course will teach students to perform advanced trial skills based on strategic case themes and theories. Students will deepen their understanding of and skills in conducting direct and cross-examination of lay, party, and expert witnesses, opening and closing statements, making objections, and introducing exhibits. The course will culminate with each student performing in a mock trial.",4.0,LAW 330 [Min Grade: D],2026-2027,quarter,https://catalog.drexel.edu/coursedescriptions/quarter/undergrad/law/,2026-09-19T10:53:13.618233+00:00,True,True,True
LAW370,Trial Skills Practicum,LAW,370,"This two-credit course recognizes the intellectual benefits of putting theory into practice. As members of Drexel’s competitive Mock Trial team, students put into use the knowledge they have gained through their LAW and Trial Skills (TRSK) courses. The Practicum requires students to demonstrate mastery of both general knowledge about US legal systems and specific information related to litigation skills. Student draw on their knowledge of US criminal and civil legal systems, demonstrate their understanding of federal rules of evidence, work in teams to develop case theories, and develop skills in legal research, writing, and verbal presentation.",2.0,LAW 110 [Min Grade: D],2026-2027,quarter,https://catalog.drexel.edu/coursedescriptions/quarter/undergrad/law/,2026-09-19T10:53:13.618254+00:00,True,True,True
LAW375,Trial Skills Practicum II,LAW,375,"This four-credit course recognizes the intellectual benefits of putting theory into practice. As members of Drexel’s competitive Mock Trial team, students put into use the knowledge they have gained through their LAW and Trial Skills (TRSK) courses. The Practicum requires students to demonstrate mastery of both general knowledge about US legal systems and specific information related to litigation skills. Student draw on their knowledge of US criminal and civil legal systems, demonstrate their understanding of federal rules of evidence, work in teams to develop case theories, and develop skills in legal research, writing, and verbal presentation.",4.0,LAW 110 [Min Grade: D],2026-2027,quarter,https://catalog.drexel.edu/coursedescriptions/quarter/undergrad/law/,2026-09-19T10:53:13.618276+00:00,True,True,True
LAW495,[WI] Capstone Seminar in Law,LAW,495,The capstone seminar is an opportunity for students to produce an independent paper on a topic of their choice. Students will work with the instructor to produce a paper suitable for use as a writing sample when applying for jobs and/or graduate programs.,4.0,,2026-2027,quarter,https://catalog.drexel.edu/coursedescriptions/quarter/undergrad/law/,2026-09-19T10:53:13.618315+00:00,True,True,True
SE181,Introduction to Software Engineering and Development,SE,181,"Introduces advanced software development fundamentals including memory management, typing and scoping, datastores, software testing, and security, as well as user-centric design and user experience. This course will be taught using a specified programming language of instruction.",3.0,CS 172 [Min Grade: C],2026-2027,quarter,https://catalog.drexel.edu/coursedescriptions/quarter/undergrad/se/,2026-09-19T10:53:14.795037+00:00,True,True,True
SE201,Introduction to Software Engineering and Development,SE,201,"Introduces advanced software development fundamentals including memory management, typing and scoping, datastores and software testing. This course will be taught using a specified programming language of instruction.",3.0,CS 172 [Min Grade: C],2026-2027,quarter,https://catalog.drexel.edu/coursedescriptions/quarter/undergrad/se/,2026-09-19T10:53:14.795100+00:00,True,True,True
SE210,Introduction to Requirements Engineering,SE,210,"Study of the principles, practices, and techniques used to gather system requirements and document them in a Software Requirements Specification (SRS). Includes techniques for requirements discovery such as user interviews and prototyping, and elaboration techniques such as scenario-based modelling, behavioral modeling, and class-based modeling. Introduces approaches for organizing and expressing software requirements in the SRS.",3.0,CS 172 [Min Grade: C],2026-2027,quarter,https://catalog.drexel.edu/coursedescriptions/quarter/undergrad/se/,2026-09-19T10:53:14.795140+00:00,True,True,True
SE211,Introduction to Software Design,SE,211,"This course serves as an introduction to the software design discipline. The course takes a top-down approach from high-level (or architectural) design to low-level (or detailed) design. It introduces design principles and fundamentals of software design, such as modularization, abstraction, coupling, and cohesion. Further, it examines facilities of OO programming languages such as abstract classes, inheritance, interfaces, and polymorphism and explains how they help us create extensible and easy to maintain software components. The course introduces both architectural styles and design patterns and prepares the students for subsequent, more advanced courses in software design. Finally, the course introduces the design process related to human-computer interfaces.",3.0,SE 210 [Min Grade: C],2026-2027,quarter,https://catalog.drexel.edu/coursedescriptions/quarter/undergrad/se/,2026-09-19T10:53:14.795183+00:00,True,True,True
SE310,Software Design,SE,310,"Study of fundamental principles and patterns of software design, emphasizing the creation of effective abstractions and highly modular systems. Introduces software design as a decision-making process, preparing students to manage the inevitable complexities and changes in large-scale, real-world software projects.",3.0,CS 265 [Min Grade: C] and CS 260 [Min Grade: C] and (SE 181 [Min Grade: C] or SE 201 [Min Grade: C]),2026-2027,quarter,https://catalog.drexel.edu/coursedescriptions/quarter/undergrad/se/,2026-09-19T10:53:14.795209+00:00,True,True,True
SE311,Software Architecture,SE,311,"Study of fundamental software architecture concepts and state-of-the-art practices, including architecture patterns and styles, component-based software engineering, distributed software architectures, and architecture modeling and analysis. Students will learn to architect resilient and evolvable software through a blend of theoretical learning and practical exercises.",3.0,SE 310 [Min Grade: C],2026-2027,quarter,https://catalog.drexel.edu/coursedescriptions/quarter/undergrad/se/,2026-09-19T10:53:14.795232+00:00,True,True,True
SE320,Software Verification and Validation,SE,320,"Presents theory and practice of software testing. Covers structural testing including such topics as path testing, dataflow testing, logic based testing, syntax testing, program slicing, mutation testing, fault injection, program perturbation, and testing tools. Discusses techniques for test construction and test suite evaluation, and validation against requirements and design models. Also covers methods of inspection and review at various phases of the software lifecycle.",3.0,CS 260 [Min Grade: C] and (SE 181 [Min Grade: C] or SE 201 [Min Grade: C]),2026-2027,quarter,https://catalog.drexel.edu/coursedescriptions/quarter/undergrad/se/,2026-09-19T10:53:14.795254+00:00,True,True,True
SE410,Software Evolution,SE,410,"Covers issues related to change in software systems. Addresses principles and techniques of corrective software maintenance, software enhancements, and software product family. Introduces students to issues of change in large software systems including configuration control, change and product management.",3.0,SE 310 [Min Grade: C],2026-2027,quarter,https://catalog.drexel.edu/coursedescriptions/quarter/undergrad/se/,2026-09-19T10:53:14.795276+00:00,True,True,True
SE420,Open Source Software Engineering,SE,420,"Explores tools, techniques, process, and culture of free and open source software (FOSS) projects. Addresses open source project evaluation, business models, and FOSS as a source of software engineering innovation. Includes student participation in an existing humanitarian FOSS project. Introduces concepts of computing for social good.",3.0,CS 260 [Min Grade: C],2026-2027,quarter,https://catalog.drexel.edu/coursedescriptions/quarter/undergrad/se/,2026-09-19T10:53:14.795301+00:00,True,True,True
DSCI351,Recommender Systems,DSCI,351,"Recommender systems are electronic commerce information filtering systems to predict items that the users may have interest in. The goal of this course is to provide an overview of recommender systems, including content-based and collaborative algorithms for recommendation, programming of recommender systems, and evaluation and metrics for recommender systems. The course introduces all relevant topics of Recommender Systems: overview, non-personalized recommendation, content-based recommending, neighborhood-based collaborative filtering, recommender system evaluation and advanced topics. Students will gain hands-on experiences with assignments and a term project.",3.0,INFO 212 [Min Grade: D],2026-2027,quarter,https://catalog.drexel.edu/coursedescriptions/quarter/undergrad/dsci/,2026-09-19T10:53:15.974744+00:00,True,True,True
DSCI471,Applied Deep Learning,DSCI,471,"The goals of this course are to introduce basic theory of deep learning in data science applications, to understand how deep learning algorithms work at a high level, and to apply deep learning algorithms to key data science problems in different disciplines. The course introduces all relevant topics in deep learning: neural networks, backpropagation, convolution neural networks, recurrent neural networks and deep reinforcement learning. Students will be exposed to various representative algorithms in the concept level and learn their trade-offs. Students will gain hands-on experiences with assignments and a term project. Students will be prepared to attack new problems using various deep learning methods.",3.0,INFO 213 [Min Grade: D] and MATH 201 [Min Grade: D],2026-2027,quarter,https://catalog.drexel.edu/coursedescriptions/quarter/undergrad/dsci/,2026-09-19T10:53:15.974783+00:00,True,True,True
